solid TOP
facet normal 0.0 0.0 1.0
  outer loop
    vertex 46.568688832215244 75.87497555054449 3.0
    vertex 40.568688832215244 78.87497555054448 3.0
    vertex 40.568688832215244 75.87497555054449 3.0
  endloop
endfacet
facet normal 0.0 0.0 1.0
  outer loop
    vertex 40.568688832215244 78.87497555054448 3.0
    vertex 46.568688832215244 75.87497555054449 3.0
    vertex 62.56868883221525 78.87497555054448 3.0
  endloop
endfacet
facet normal 0.0 0.0 1.0
  outer loop
    vertex 62.56868883221525 78.87497555054448 3.0
    vertex 46.568688832215244 75.87497555054449 3.0
    vertex 62.56868883221525 75.87497555054449 3.0
  endloop
endfacet
facet normal -1.117468788306406e-17 -1.1383445334847863e-16 -1.0
  outer loop
    vertex 49.8243196464308 8.874975550544482 0.0
    vertex 43.568688832215244 3.8749755505444834 5.639932965095795e-15
    vertex 43.568688832215244 8.874975550544482 5.639932965095795e-15
  endloop
endfacet
facet normal -1.117468788306406e-17 -1.1383445334847863e-16 -1.0
  outer loop
    vertex 43.568688832215244 3.8749755505444834 5.639932965095795e-15
    vertex 49.8243196464308 8.874975550544482 0.0
    vertex 48.50802866043542 7.435635722324304 0.0
  endloop
endfacet
facet normal -1.117468788306406e-17 -1.1383445334847863e-16 -1.0
  outer loop
    vertex 43.568688832215244 3.8749755505444834 5.639932965095795e-15
    vertex 48.50802866043542 7.435635722324304 0.0
    vertex 48.26965072653859 7.124975550544483 0.0
  endloop
endfacet
facet normal -1.117468788306406e-17 -1.1383445334847863e-16 -1.0
  outer loop
    vertex 43.568688832215244 3.8749755505444834 5.639932965095795e-15
    vertex 48.26965072653859 7.124975550544483 0.0
    vertex 48.119800092781645 6.7632041181982645 0.0
  endloop
endfacet
facet normal -1.117468788306406e-17 -1.1383445334847863e-16 -1.0
  outer loop
    vertex 43.568688832215244 3.8749755505444834 5.639932965095795e-15
    vertex 48.119800092781645 6.7632041181982645 0.0
    vertex 48.068688832215244 6.374975550544483 0.0
  endloop
endfacet
facet normal -1.117468788306406e-17 -1.1383445334847863e-16 -1.0
  outer loop
    vertex 48.50802866043542 7.435635722324304 0.0
    vertex 49.8243196464308 8.874975550544482 0.0
    vertex 48.81868883221525 7.67401365622114 0.0
  endloop
endfacet
facet normal -1.117468788306406e-17 -1.1383445334847863e-16 -1.0
  outer loop
    vertex 48.81868883221525 7.67401365622114 0.0
    vertex 49.8243196464308 8.874975550544482 0.0
    vertex 49.18046026456146 7.8238642899780855 0.0
  endloop
endfacet
facet normal -1.117468788306406e-17 -1.1383445334847863e-16 -1.0
  outer loop
    vertex 49.18046026456146 7.8238642899780855 0.0
    vertex 49.8243196464308 8.874975550544482 0.0
    vertex 49.568688832215244 7.874975550544483 0.0
  endloop
endfacet
facet normal -1.117468788306406e-17 -1.1383445334847863e-16 -1.0
  outer loop
    vertex 49.568688832215244 7.874975550544483 0.0
    vertex 49.8243196464308 8.874975550544482 0.0
    vertex 49.95691739986903 7.8238642899780855 0.0
  endloop
endfacet
facet normal -1.117468788306406e-17 -1.1383445334847863e-16 -1.0
  outer loop
    vertex 49.95691739986903 7.8238642899780855 0.0
    vertex 49.8243196464308 8.874975550544482 0.0
    vertex 50.81132951933453 9.632334863425198 0.0
  endloop
endfacet
facet normal -1.117468788306406e-17 -1.1383445334847863e-16 -1.0
  outer loop
    vertex 49.95691739986903 7.8238642899780855 0.0
    vertex 50.81132951933453 9.632334863425198 0.0
    vertex 50.318688832215244 7.67401365622114 0.0
  endloop
endfacet
facet normal -1.117468788306406e-17 -1.1383445334847863e-16 -1.0
  outer loop
    vertex 50.318688832215244 7.67401365622114 0.0
    vertex 50.81132951933453 9.632334863425198 0.0
    vertex 50.62934900399507 7.435635722324306 0.0
  endloop
endfacet
facet normal -1.117468788306406e-17 -1.1383445334847863e-16 -1.0
  outer loop
    vertex 50.62934900399507 7.435635722324306 0.0
    vertex 50.81132951933453 9.632334863425198 0.0
    vertex 50.8677269378919 7.124975550544483 0.0
  endloop
endfacet
facet normal -1.117468788306406e-17 -1.1383445334847863e-16 -1.0
  outer loop
    vertex 50.8677269378919 7.124975550544483 0.0
    vertex 50.81132951933453 9.632334863425198 0.0
    vertex 51.76484125492188 10.874975550544484 0.0
  endloop
endfacet
facet normal -1.117468788306406e-17 -1.1383445334847863e-16 -1.0
  outer loop
    vertex 50.8677269378919 7.124975550544483 0.0
    vertex 51.76484125492188 10.874975550544484 0.0
    vertex 51.01757757164884 6.763204118198265 0.0
  endloop
endfacet
facet normal -1.117468788306406e-17 -1.1383445334847863e-16 -1.0
  outer loop
    vertex 51.01757757164884 6.763204118198265 0.0
    vertex 51.76484125492188 10.874975550544484 0.0
    vertex 51.06868883221525 6.374975550544483 0.0
  endloop
endfacet
facet normal -1.117468788306406e-17 -1.1383445334847863e-16 -1.0
  outer loop
    vertex 137.56868883221517 78.87497555054448 -2.5634294791616567e-14
    vertex 43.568688832215244 44.87497555054448 3.524958103184872e-16
    vertex 43.568688832215244 78.87497555054448 3.524958103184872e-16
  endloop
endfacet
facet normal -1.117468788306406e-17 -1.1383445334847863e-16 -1.0
  outer loop
    vertex 43.568688832215244 44.87497555054448 3.524958103184872e-16
    vertex 137.56868883221517 78.87497555054448 -2.5634294791616567e-14
    vertex 46.568688832215244 44.87497555054448 0.0
  endloop
endfacet
facet normal -1.117468788306406e-17 -1.1383445334847863e-16 -1.0
  outer loop
    vertex 46.568688832215244 44.87497555054448 0.0
    vertex 137.56868883221517 78.87497555054448 -2.5634294791616567e-14
    vertex 48.12160310283037 44.67053050827889 0.0
  endloop
endfacet
facet normal -1.117468788306406e-17 -1.1383445334847863e-16 -1.0
  outer loop
    vertex 48.12160310283037 44.67053050827889 0.0
    vertex 137.56868883221517 78.87497555054448 -2.5634294791616567e-14
    vertex 49.568688832215244 44.07112797325111 0.0
  endloop
endfacet
facet normal -1.117468788306406e-17 -1.1383445334847863e-16 -1.0
  outer loop
    vertex 49.568688832215244 44.07112797325111 0.0
    vertex 137.56868883221517 78.87497555054448 -2.5634294791616567e-14
    vertex 50.81132951933453 43.11761623766376 0.0
  endloop
endfacet
facet normal -1.117468788306406e-17 -1.1383445334847863e-16 -1.0
  outer loop
    vertex 50.81132951933453 43.11761623766376 0.0
    vertex 137.56868883221517 78.87497555054448 -2.5634294791616567e-14
    vertex 51.76484125492188 41.87497555054448 0.0
  endloop
endfacet
facet normal -1.117468788306406e-17 -1.1383445334847863e-16 -1.0
  outer loop
    vertex 51.76484125492188 41.87497555054448 0.0
    vertex 137.56868883221517 78.87497555054448 -2.5634294791616567e-14
    vertex 52.364243789949654 40.4278898211596 0.0
  endloop
endfacet
facet normal -1.117468788306406e-17 -1.1383445334847863e-16 -1.0
  outer loop
    vertex 52.364243789949654 40.4278898211596 0.0
    vertex 137.56868883221517 78.87497555054448 -2.5634294791616567e-14
    vertex 52.568688832215244 38.87497555054448 0.0
  endloop
endfacet
facet normal -1.117468788306406e-17 -1.1383445334847863e-16 -1.0
  outer loop
    vertex 52.568688832215244 38.87497555054448 0.0
    vertex 137.56868883221517 78.87497555054448 -2.5634294791616567e-14
    vertex 52.568688832215244 13.874975550544482 0.0
  endloop
endfacet
facet normal -1.117468788306406e-17 -1.1383445334847863e-16 -1.0
  outer loop
    vertex 52.568688832215244 13.874975550544482 0.0
    vertex 137.56868883221517 78.87497555054448 -2.5634294791616567e-14
    vertex 128.77313387448083 40.427889821159596 0.0
  endloop
endfacet
facet normal -1.117468788306406e-17 -1.1383445334847863e-16 -1.0
  outer loop
    vertex 52.568688832215244 13.874975550544482 0.0
    vertex 128.77313387448083 40.427889821159596 0.0
    vertex 128.56868883221526 38.87497555054448 0.0
  endloop
endfacet
facet normal -1.117468788306406e-17 -1.1383445334847863e-16 -1.0
  outer loop
    vertex 128.77313387448083 40.427889821159596 0.0
    vertex 137.56868883221517 78.87497555054448 -2.5634294791616567e-14
    vertex 129.37253640950863 41.87497555054447 0.0
  endloop
endfacet
facet normal -1.117468788306406e-17 -1.1383445334847863e-16 -1.0
  outer loop
    vertex 129.37253640950863 41.87497555054447 0.0
    vertex 137.56868883221517 78.87497555054448 -2.5634294791616567e-14
    vertex 130.32604814509597 43.117616237663746 0.0
  endloop
endfacet
facet normal -1.117468788306406e-17 -1.1383445334847863e-16 -1.0
  outer loop
    vertex 130.32604814509597 43.117616237663746 0.0
    vertex 137.56868883221517 78.87497555054448 -2.5634294791616567e-14
    vertex 131.56868883221526 44.0711279732511 0.0
  endloop
endfacet
facet normal -1.117468788306406e-17 -1.1383445334847863e-16 -1.0
  outer loop
    vertex 131.56868883221526 44.0711279732511 0.0
    vertex 137.56868883221517 78.87497555054448 -2.5634294791616567e-14
    vertex 133.01577456160013 44.67053050827887 0.0
  endloop
endfacet
facet normal -1.117468788306406e-17 -1.1383445334847863e-16 -1.0
  outer loop
    vertex 133.01577456160013 44.67053050827887 0.0
    vertex 137.56868883221517 78.87497555054448 -2.5634294791616567e-14
    vertex 134.56868883221526 44.87497555054446 0.0
  endloop
endfacet
facet normal -1.117468788306406e-17 -1.1383445334847863e-16 -1.0
  outer loop
    vertex 134.56868883221526 44.87497555054446 0.0
    vertex 137.56868883221517 78.87497555054448 -2.5634294791616567e-14
    vertex 137.56868883221526 44.87497555054447 -3.524958103184872e-16
  endloop
endfacet
facet normal -1.117468788306406e-17 -1.1383445334847863e-16 -1.0
  outer loop
    vertex 128.77313387448086 37.32206127992935 0.0
    vertex 128.56868883221526 13.874975550544482 0.0
    vertex 128.56868883221526 38.87497555054448 0.0
  endloop
endfacet
facet normal -1.117468788306406e-17 -1.1383445334847863e-16 -1.0
  outer loop
    vertex 128.56868883221526 13.874975550544482 0.0
    vertex 128.77313387448086 37.32206127992935 0.0
    vertex 128.77313387448083 15.427889821159601 0.0
  endloop
endfacet
facet normal -1.117468788306406e-17 -1.1383445334847863e-16 -1.0
  outer loop
    vertex 128.77313387448083 15.427889821159601 0.0
    vertex 128.77313387448086 37.32206127992935 0.0
    vertex 129.37253640950863 16.874975550544473 0.0
  endloop
endfacet
facet normal -1.117468788306406e-17 -1.1383445334847863e-16 -1.0
  outer loop
    vertex 129.37253640950863 16.874975550544473 0.0
    vertex 128.77313387448086 37.32206127992935 0.0
    vertex 129.37253640950863 35.874975550544484 0.0
  endloop
endfacet
facet normal -1.117468788306406e-17 -1.1383445334847863e-16 -1.0
  outer loop
    vertex 129.37253640950863 16.874975550544473 0.0
    vertex 129.37253640950863 35.874975550544484 0.0
    vertex 130.32604814509597 34.6323348634252 0.0
  endloop
endfacet
facet normal -1.117468788306406e-17 -1.1383445334847863e-16 -1.0
  outer loop
    vertex 129.37253640950863 16.874975550544473 0.0
    vertex 130.32604814509597 34.6323348634252 0.0
    vertex 130.32604814509597 18.117616237663757 0.0
  endloop
endfacet
facet normal -1.117468788306406e-17 -1.1383445334847863e-16 -1.0
  outer loop
    vertex 130.32604814509597 18.117616237663757 0.0
    vertex 130.32604814509597 34.6323348634252 0.0
    vertex 131.56868883221526 33.67882312783785 0.0
  endloop
endfacet
facet normal -1.117468788306406e-17 -1.1383445334847863e-16 -1.0
  outer loop
    vertex 130.32604814509597 18.117616237663757 0.0
    vertex 131.56868883221526 33.67882312783785 0.0
    vertex 131.56868883221526 19.0711279732511 0.0
  endloop
endfacet
facet normal -1.117468788306406e-17 -1.1383445334847863e-16 -1.0
  outer loop
    vertex 131.56868883221526 19.0711279732511 0.0
    vertex 131.56868883221526 33.67882312783785 0.0
    vertex 133.01577456160015 33.079420592810074 0.0
  endloop
endfacet
facet normal -1.117468788306406e-17 -1.1383445334847863e-16 -1.0
  outer loop
    vertex 131.56868883221526 19.0711279732511 0.0
    vertex 133.01577456160015 33.079420592810074 0.0
    vertex 133.01577456160013 19.67053050827888 0.0
  endloop
endfacet
facet normal -1.117468788306406e-17 -1.1383445334847863e-16 -1.0
  outer loop
    vertex 133.01577456160013 19.67053050827888 0.0
    vertex 133.01577456160015 33.079420592810074 0.0
    vertex 134.56868883221526 19.87497555054447 0.0
  endloop
endfacet
facet normal -1.117468788306406e-17 -1.1383445334847863e-16 -1.0
  outer loop
    vertex 134.56868883221526 19.87497555054447 0.0
    vertex 133.01577456160015 33.079420592810074 0.0
    vertex 134.56868883221526 32.874975550544484 0.0
  endloop
endfacet
facet normal -1.117468788306406e-17 -1.1383445334847863e-16 -1.0
  outer loop
    vertex 134.56868883221526 19.87497555054447 0.0
    vertex 134.56868883221526 32.874975550544484 0.0
    vertex 137.56868883221523 32.87497555054446 2.9071148006682014e-15
  endloop
endfacet
facet normal -1.117468788306406e-17 -1.1383445334847863e-16 -1.0
  outer loop
    vertex 134.56868883221526 19.87497555054447 0.0
    vertex 137.56868883221523 32.87497555054446 2.9071148006682014e-15
    vertex 137.56868883221526 19.874975550544477 -3.524958103184872e-16
  endloop
endfacet
facet normal -1.117468788306406e-17 -1.1383445334847863e-16 -1.0
  outer loop
    vertex 130.32604814509597 9.632334863425205 0.0
    vertex 130.06868883221523 6.374975550544483 0.0
    vertex 129.37253640950863 10.874975550544484 0.0
  endloop
endfacet
facet normal -1.117468788306406e-17 -1.1383445334847863e-16 -1.0
  outer loop
    vertex 130.06868883221523 6.374975550544483 0.0
    vertex 130.32604814509597 9.632334863425205 0.0
    vertex 130.11980009278165 6.7632041181982645 0.0
  endloop
endfacet
facet normal -1.117468788306406e-17 -1.1383445334847863e-16 -1.0
  outer loop
    vertex 130.11980009278165 6.7632041181982645 0.0
    vertex 130.32604814509597 9.632334863425205 0.0
    vertex 130.2696507265386 7.124975550544483 0.0
  endloop
endfacet
facet normal -1.117468788306406e-17 -1.1383445334847863e-16 -1.0
  outer loop
    vertex 130.2696507265386 7.124975550544483 0.0
    vertex 130.32604814509597 9.632334863425205 0.0
    vertex 130.5080286604354 7.435635722324304 0.0
  endloop
endfacet
facet normal -1.117468788306406e-17 -1.1383445334847863e-16 -1.0
  outer loop
    vertex 130.5080286604354 7.435635722324304 0.0
    vertex 130.32604814509597 9.632334863425205 0.0
    vertex 131.3130580179997 8.874975550544482 0.0
  endloop
endfacet
facet normal -1.117468788306406e-17 -1.1383445334847863e-16 -1.0
  outer loop
    vertex 130.5080286604354 7.435635722324304 0.0
    vertex 131.3130580179997 8.874975550544482 0.0
    vertex 130.81868883221523 7.67401365622114 0.0
  endloop
endfacet
facet normal -1.117468788306406e-17 -1.1383445334847863e-16 -1.0
  outer loop
    vertex 130.81868883221523 7.67401365622114 0.0
    vertex 131.3130580179997 8.874975550544482 0.0
    vertex 131.18046026456145 7.8238642899780855 0.0
  endloop
endfacet
facet normal -1.117468788306406e-17 -1.1383445334847863e-16 -1.0
  outer loop
    vertex 131.18046026456145 7.8238642899780855 0.0
    vertex 131.3130580179997 8.874975550544482 0.0
    vertex 131.56868883221523 7.874975550544483 0.0
  endloop
endfacet
facet normal -1.117468788306406e-17 -1.1383445334847863e-16 -1.0
  outer loop
    vertex 131.56868883221523 7.874975550544483 0.0
    vertex 131.3130580179997 8.874975550544482 0.0
    vertex 137.56868883221526 8.874975550544482 5.639932965095795e-15
  endloop
endfacet
facet normal -1.117468788306406e-17 -1.1383445334847863e-16 -1.0
  outer loop
    vertex 131.56868883221523 7.874975550544483 0.0
    vertex 137.56868883221526 8.874975550544482 5.639932965095795e-15
    vertex 131.956917399869 7.8238642899780855 0.0
  endloop
endfacet
facet normal -1.117468788306406e-17 -1.1383445334847863e-16 -1.0
  outer loop
    vertex 131.956917399869 7.8238642899780855 0.0
    vertex 137.56868883221526 8.874975550544482 5.639932965095795e-15
    vertex 132.31868883221526 7.67401365622114 0.0
  endloop
endfacet
facet normal -1.117468788306406e-17 -1.1383445334847863e-16 -1.0
  outer loop
    vertex 132.31868883221526 7.67401365622114 0.0
    vertex 137.56868883221526 8.874975550544482 5.639932965095795e-15
    vertex 132.62934900399506 7.435635722324306 0.0
  endloop
endfacet
facet normal -1.117468788306406e-17 -1.1383445334847863e-16 -1.0
  outer loop
    vertex 132.62934900399506 7.435635722324306 0.0
    vertex 137.56868883221526 8.874975550544482 5.639932965095795e-15
    vertex 132.8677269378919 7.124975550544483 0.0
  endloop
endfacet
facet normal -1.117468788306406e-17 -1.1383445334847863e-16 -1.0
  outer loop
    vertex 132.8677269378919 7.124975550544483 0.0
    vertex 137.56868883221526 8.874975550544482 5.639932965095795e-15
    vertex 133.01757757164884 6.763204118198265 0.0
  endloop
endfacet
facet normal -1.117468788306406e-17 -1.1383445334847863e-16 -1.0
  outer loop
    vertex 133.01757757164884 6.763204118198265 0.0
    vertex 137.56868883221526 8.874975550544482 5.639932965095795e-15
    vertex 133.06868883221523 6.374975550544483 0.0
  endloop
endfacet
facet normal -1.117468788306406e-17 -1.1383445334847863e-16 -1.0
  outer loop
    vertex 43.568688832215244 3.8749755505444834 5.639932965095795e-15
    vertex 49.568688832215244 4.874975550544483 0.0
    vertex 137.56868883221526 3.8749755505444834 5.639932965095795e-15
  endloop
endfacet
facet normal -1.117468788306406e-17 -1.1383445334847863e-16 -1.0
  outer loop
    vertex 49.568688832215244 4.874975550544483 0.0
    vertex 43.568688832215244 3.8749755505444834 5.639932965095795e-15
    vertex 49.18046026456147 4.92608681111088 0.0
  endloop
endfacet
facet normal -1.117468788306406e-17 -1.1383445334847863e-16 -1.0
  outer loop
    vertex 49.18046026456147 4.92608681111088 0.0
    vertex 43.568688832215244 3.8749755505444834 5.639932965095795e-15
    vertex 48.81868883221525 5.075937444867825 0.0
  endloop
endfacet
facet normal -1.117468788306406e-17 -1.1383445334847863e-16 -1.0
  outer loop
    vertex 48.81868883221525 5.075937444867825 0.0
    vertex 43.568688832215244 3.8749755505444834 5.639932965095795e-15
    vertex 48.50802866043542 5.314315378764662 0.0
  endloop
endfacet
facet normal -1.117468788306406e-17 -1.1383445334847863e-16 -1.0
  outer loop
    vertex 48.50802866043542 5.314315378764662 0.0
    vertex 43.568688832215244 3.8749755505444834 5.639932965095795e-15
    vertex 48.26965072653859 5.624975550544483 0.0
  endloop
endfacet
facet normal -1.117468788306406e-17 -1.1383445334847863e-16 -1.0
  outer loop
    vertex 48.26965072653859 5.624975550544483 0.0
    vertex 43.568688832215244 3.8749755505444834 5.639932965095795e-15
    vertex 48.119800092781645 5.986746982890701 0.0
  endloop
endfacet
facet normal -1.117468788306406e-17 -1.1383445334847863e-16 -1.0
  outer loop
    vertex 48.119800092781645 5.986746982890701 0.0
    vertex 43.568688832215244 3.8749755505444834 5.639932965095795e-15
    vertex 48.068688832215244 6.374975550544483 0.0
  endloop
endfacet
facet normal -1.117468788306406e-17 -1.1383445334847863e-16 -1.0
  outer loop
    vertex 137.56868883221526 3.8749755505444834 5.639932965095795e-15
    vertex 49.568688832215244 4.874975550544483 0.0
    vertex 49.956917399869035 4.92608681111088 0.0
  endloop
endfacet
facet normal -1.117468788306406e-17 -1.1383445334847863e-16 -1.0
  outer loop
    vertex 137.56868883221526 3.8749755505444834 5.639932965095795e-15
    vertex 49.956917399869035 4.92608681111088 0.0
    vertex 50.318688832215244 5.075937444867826 0.0
  endloop
endfacet
facet normal -1.117468788306406e-17 -1.1383445334847863e-16 -1.0
  outer loop
    vertex 137.56868883221526 3.8749755505444834 5.639932965095795e-15
    vertex 50.318688832215244 5.075937444867826 0.0
    vertex 50.629349003995074 5.314315378764662 0.0
  endloop
endfacet
facet normal -1.117468788306406e-17 -1.1383445334847863e-16 -1.0
  outer loop
    vertex 137.56868883221526 3.8749755505444834 5.639932965095795e-15
    vertex 50.629349003995074 5.314315378764662 0.0
    vertex 50.8677269378919 5.624975550544485 0.0
  endloop
endfacet
facet normal -1.117468788306406e-17 -1.1383445334847863e-16 -1.0
  outer loop
    vertex 137.56868883221526 3.8749755505444834 5.639932965095795e-15
    vertex 50.8677269378919 5.624975550544485 0.0
    vertex 51.01757757164886 5.986746982890702 0.0
  endloop
endfacet
facet normal -1.117468788306406e-17 -1.1383445334847863e-16 -1.0
  outer loop
    vertex 137.56868883221526 3.8749755505444834 5.639932965095795e-15
    vertex 51.01757757164886 5.986746982890702 0.0
    vertex 51.06868883221525 6.374975550544483 0.0
  endloop
endfacet
facet normal -1.117468788306406e-17 -1.1383445334847863e-16 -1.0
  outer loop
    vertex 137.56868883221526 3.8749755505444834 5.639932965095795e-15
    vertex 51.06868883221525 6.374975550544483 0.0
    vertex 51.76484125492188 10.874975550544484 0.0
  endloop
endfacet
facet normal -1.117468788306406e-17 -1.1383445334847863e-16 -1.0
  outer loop
    vertex 137.56868883221526 3.8749755505444834 5.639932965095795e-15
    vertex 51.76484125492188 10.874975550544484 0.0
    vertex 52.364243789949654 12.32206127992936 0.0
  endloop
endfacet
facet normal -1.117468788306406e-17 -1.1383445334847863e-16 -1.0
  outer loop
    vertex 137.56868883221526 3.8749755505444834 5.639932965095795e-15
    vertex 52.364243789949654 12.32206127992936 0.0
    vertex 52.568688832215244 13.874975550544482 0.0
  endloop
endfacet
facet normal -1.117468788306406e-17 -1.1383445334847863e-16 -1.0
  outer loop
    vertex 137.56868883221526 3.8749755505444834 5.639932965095795e-15
    vertex 52.568688832215244 13.874975550544482 0.0
    vertex 131.18046026456145 4.92608681111088 0.0
  endloop
endfacet
facet normal -1.117468788306406e-17 -1.1383445334847863e-16 -1.0
  outer loop
    vertex 131.18046026456145 4.92608681111088 0.0
    vertex 52.568688832215244 13.874975550544482 0.0
    vertex 130.81868883221523 5.075937444867825 0.0
  endloop
endfacet
facet normal -1.117468788306406e-17 -1.1383445334847863e-16 -1.0
  outer loop
    vertex 130.81868883221523 5.075937444867825 0.0
    vertex 52.568688832215244 13.874975550544482 0.0
    vertex 130.5080286604354 5.314315378764662 0.0
  endloop
endfacet
facet normal -1.117468788306406e-17 -1.1383445334847863e-16 -1.0
  outer loop
    vertex 130.5080286604354 5.314315378764662 0.0
    vertex 52.568688832215244 13.874975550544482 0.0
    vertex 130.2696507265386 5.624975550544483 0.0
  endloop
endfacet
facet normal -1.117468788306406e-17 -1.1383445334847863e-16 -1.0
  outer loop
    vertex 130.2696507265386 5.624975550544483 0.0
    vertex 52.568688832215244 13.874975550544482 0.0
    vertex 130.11980009278165 5.986746982890701 0.0
  endloop
endfacet
facet normal -1.117468788306406e-17 -1.1383445334847863e-16 -1.0
  outer loop
    vertex 130.11980009278165 5.986746982890701 0.0
    vertex 52.568688832215244 13.874975550544482 0.0
    vertex 128.77313387448086 12.32206127992936 0.0
  endloop
endfacet
facet normal -1.117468788306406e-17 -1.1383445334847863e-16 -1.0
  outer loop
    vertex 128.77313387448086 12.32206127992936 0.0
    vertex 52.568688832215244 13.874975550544482 0.0
    vertex 128.56868883221526 13.874975550544482 0.0
  endloop
endfacet
facet normal -1.117468788306406e-17 -1.1383445334847863e-16 -1.0
  outer loop
    vertex 128.56868883221526 13.874975550544482 0.0
    vertex 52.568688832215244 13.874975550544482 0.0
    vertex 128.56868883221526 38.87497555054448 0.0
  endloop
endfacet
facet normal -1.117468788306406e-17 -1.1383445334847863e-16 -1.0
  outer loop
    vertex 130.11980009278165 5.986746982890701 0.0
    vertex 128.77313387448086 12.32206127992936 0.0
    vertex 129.37253640950863 10.874975550544484 0.0
  endloop
endfacet
facet normal -1.117468788306406e-17 -1.1383445334847863e-16 -1.0
  outer loop
    vertex 130.11980009278165 5.986746982890701 0.0
    vertex 129.37253640950863 10.874975550544484 0.0
    vertex 130.06868883221523 6.374975550544483 0.0
  endloop
endfacet
facet normal -1.117468788306406e-17 -1.1383445334847863e-16 -1.0
  outer loop
    vertex 137.56868883221526 3.8749755505444834 5.639932965095795e-15
    vertex 131.18046026456145 4.92608681111088 0.0
    vertex 131.56868883221523 4.874975550544483 0.0
  endloop
endfacet
facet normal -1.117468788306406e-17 -1.1383445334847863e-16 -1.0
  outer loop
    vertex 137.56868883221526 3.8749755505444834 5.639932965095795e-15
    vertex 131.56868883221523 4.874975550544483 0.0
    vertex 131.956917399869 4.92608681111088 0.0
  endloop
endfacet
facet normal -1.117468788306406e-17 -1.1383445334847863e-16 -1.0
  outer loop
    vertex 137.56868883221526 3.8749755505444834 5.639932965095795e-15
    vertex 131.956917399869 4.92608681111088 0.0
    vertex 132.31868883221526 5.075937444867826 0.0
  endloop
endfacet
facet normal -1.117468788306406e-17 -1.1383445334847863e-16 -1.0
  outer loop
    vertex 137.56868883221526 3.8749755505444834 5.639932965095795e-15
    vertex 132.31868883221526 5.075937444867826 0.0
    vertex 132.62934900399506 5.314315378764662 0.0
  endloop
endfacet
facet normal -1.117468788306406e-17 -1.1383445334847863e-16 -1.0
  outer loop
    vertex 137.56868883221526 3.8749755505444834 5.639932965095795e-15
    vertex 132.62934900399506 5.314315378764662 0.0
    vertex 132.8677269378919 5.624975550544485 0.0
  endloop
endfacet
facet normal -1.117468788306406e-17 -1.1383445334847863e-16 -1.0
  outer loop
    vertex 137.56868883221526 3.8749755505444834 5.639932965095795e-15
    vertex 132.8677269378919 5.624975550544485 0.0
    vertex 133.01757757164884 5.986746982890702 0.0
  endloop
endfacet
facet normal -1.117468788306406e-17 -1.1383445334847863e-16 -1.0
  outer loop
    vertex 137.56868883221526 3.8749755505444834 5.639932965095795e-15
    vertex 133.01757757164884 5.986746982890702 0.0
    vertex 133.06868883221523 6.374975550544483 0.0
  endloop
endfacet
facet normal -1.117468788306406e-17 -1.1383445334847863e-16 -1.0
  outer loop
    vertex 137.56868883221526 3.8749755505444834 5.639932965095795e-15
    vertex 133.06868883221523 6.374975550544483 0.0
    vertex 137.56868883221526 8.874975550544482 5.639932965095795e-15
  endloop
endfacet
facet normal -1.117468788306406e-17 -1.1383445334847863e-16 -1.0
  outer loop
    vertex 46.568688832215244 32.87497555054448 0.0
    vertex 43.568688832215244 19.874975550544484 3.524958103184872e-16
    vertex 43.568688832215244 32.87497555054448 3.524958103184872e-16
  endloop
endfacet
facet normal -1.117468788306406e-17 -1.1383445334847863e-16 -1.0
  outer loop
    vertex 43.568688832215244 19.874975550544484 3.524958103184872e-16
    vertex 46.568688832215244 32.87497555054448 0.0
    vertex 46.568688832215244 19.874975550544484 0.0
  endloop
endfacet
facet normal -1.117468788306406e-17 -1.1383445334847863e-16 -1.0
  outer loop
    vertex 46.568688832215244 19.874975550544484 0.0
    vertex 46.568688832215244 32.87497555054448 0.0
    vertex 48.12160310283038 33.07942059281007 0.0
  endloop
endfacet
facet normal -1.117468788306406e-17 -1.1383445334847863e-16 -1.0
  outer loop
    vertex 46.568688832215244 19.874975550544484 0.0
    vertex 48.12160310283038 33.07942059281007 0.0
    vertex 48.12160310283037 19.67053050827889 0.0
  endloop
endfacet
facet normal -1.117468788306406e-17 -1.1383445334847863e-16 -1.0
  outer loop
    vertex 48.12160310283037 19.67053050827889 0.0
    vertex 48.12160310283038 33.07942059281007 0.0
    vertex 49.568688832215244 19.071127973251116 0.0
  endloop
endfacet
facet normal -1.117468788306406e-17 -1.1383445334847863e-16 -1.0
  outer loop
    vertex 49.568688832215244 19.071127973251116 0.0
    vertex 48.12160310283038 33.07942059281007 0.0
    vertex 49.568688832215244 33.678823127837845 0.0
  endloop
endfacet
facet normal -1.117468788306406e-17 -1.1383445334847863e-16 -1.0
  outer loop
    vertex 49.568688832215244 19.071127973251116 0.0
    vertex 49.568688832215244 33.678823127837845 0.0
    vertex 50.81132951933453 34.63233486342519 0.0
  endloop
endfacet
facet normal -1.117468788306406e-17 -1.1383445334847863e-16 -1.0
  outer loop
    vertex 49.568688832215244 19.071127973251116 0.0
    vertex 50.81132951933453 34.63233486342519 0.0
    vertex 50.81132951933453 18.117616237663768 0.0
  endloop
endfacet
facet normal -1.117468788306406e-17 -1.1383445334847863e-16 -1.0
  outer loop
    vertex 50.81132951933453 18.117616237663768 0.0
    vertex 50.81132951933453 34.63233486342519 0.0
    vertex 51.76484125492188 35.87497555054448 0.0
  endloop
endfacet
facet normal -1.117468788306406e-17 -1.1383445334847863e-16 -1.0
  outer loop
    vertex 50.81132951933453 18.117616237663768 0.0
    vertex 51.76484125492188 35.87497555054448 0.0
    vertex 51.76484125492188 16.874975550544484 0.0
  endloop
endfacet
facet normal -1.117468788306406e-17 -1.1383445334847863e-16 -1.0
  outer loop
    vertex 51.76484125492188 16.874975550544484 0.0
    vertex 51.76484125492188 35.87497555054448 0.0
    vertex 52.364243789949654 37.32206127992936 0.0
  endloop
endfacet
facet normal -1.117468788306406e-17 -1.1383445334847863e-16 -1.0
  outer loop
    vertex 51.76484125492188 16.874975550544484 0.0
    vertex 52.364243789949654 37.32206127992936 0.0
    vertex 52.364243789949654 15.427889821159606 0.0
  endloop
endfacet
facet normal -1.117468788306406e-17 -1.1383445334847863e-16 -1.0
  outer loop
    vertex 52.364243789949654 15.427889821159606 0.0
    vertex 52.364243789949654 37.32206127992936 0.0
    vertex 52.568688832215244 38.87497555054448 0.0
  endloop
endfacet
facet normal -1.117468788306406e-17 -1.1383445334847863e-16 -1.0
  outer loop
    vertex 52.364243789949654 15.427889821159606 0.0
    vertex 52.568688832215244 38.87497555054448 0.0
    vertex 52.568688832215244 13.874975550544482 0.0
  endloop
endfacet
facet normal 1.6182913110755533e-15 -1.0 7.266198106337761e-16
  outer loop
    vertex 137.96026740887538 44.87497555054447 0.02566541587856866
    vertex 134.56868883221526 44.87497555054446 0.0
    vertex 137.56868883221526 44.87497555054447 -3.524958103184872e-16
  endloop
endfacet
facet normal 1.6182913110755533e-15 -1.0 7.266198106337761e-16
  outer loop
    vertex 134.56868883221526 44.87497555054446 0.0
    vertex 137.96026740887538 44.87497555054447 0.02566541587856866
    vertex 134.56868883221526 44.87497555054446 3.0
  endloop
endfacet
facet normal 1.6182913110755533e-15 -1.0 7.266198106337761e-16
  outer loop
    vertex 134.56868883221526 44.87497555054446 3.0
    vertex 137.96026740887538 44.87497555054447 0.02566541587856866
    vertex 138.3451459675228 44.87497555054447 0.10222252113279491
  endloop
endfacet
facet normal 1.6182913110755533e-15 -1.0 7.266198106337761e-16
  outer loop
    vertex 134.56868883221526 44.87497555054446 3.0
    vertex 138.3451459675228 44.87497555054447 0.10222252113279491
    vertex 138.71673912931053 44.87497555054447 0.22836140246613962
  endloop
endfacet
facet normal 1.6182913110755533e-15 -1.0 7.266198106337761e-16
  outer loop
    vertex 134.56868883221526 44.87497555054446 3.0
    vertex 138.71673912931053 44.87497555054447 0.22836140246613962
    vertex 139.06868883221526 44.87497555054447 0.40192378864668404
  endloop
endfacet
facet normal 1.6182913110755533e-15 -1.0 7.266198106337761e-16
  outer loop
    vertex 134.56868883221526 44.87497555054446 3.0
    vertex 139.06868883221526 44.87497555054447 0.40192378864668404
    vertex 139.3949731192414 44.87497555054447 0.6199399791262945
  endloop
endfacet
facet normal 1.6182913110755533e-15 -1.0 7.266198106337761e-16
  outer loop
    vertex 134.56868883221526 44.87497555054446 3.0
    vertex 139.3949731192414 44.87497555054447 0.6199399791262945
    vertex 139.6900091757749 44.87497555054447 0.8786796564403572
  endloop
endfacet
facet normal 1.6182913110755533e-15 -1.0 7.266198106337761e-16
  outer loop
    vertex 134.56868883221526 44.87497555054446 3.0
    vertex 139.6900091757749 44.87497555054447 0.8786796564403572
    vertex 139.94874885308897 44.87497555054447 1.1737157129738385
  endloop
endfacet
facet normal 1.6182913110755533e-15 -1.0 7.266198106337761e-16
  outer loop
    vertex 134.56868883221526 44.87497555054446 3.0
    vertex 139.94874885308897 44.87497555054447 1.1737157129738385
    vertex 140.16676504356857 44.87497555054448 1.5000000000000004
  endloop
endfacet
facet normal 1.6182913110755533e-15 -1.0 7.266198106337761e-16
  outer loop
    vertex 134.56868883221526 44.87497555054446 3.0
    vertex 140.16676504356857 44.87497555054448 1.5000000000000004
    vertex 140.3403274297491 44.87497555054448 1.851949702904731
  endloop
endfacet
facet normal 1.6182913110755533e-15 -1.0 7.266198106337761e-16
  outer loop
    vertex 134.56868883221526 44.87497555054446 3.0
    vertex 140.3403274297491 44.87497555054448 1.851949702904731
    vertex 140.46646631108246 44.87497555054448 2.2235428646924382
  endloop
endfacet
facet normal 1.6182913110755533e-15 -1.0 7.266198106337761e-16
  outer loop
    vertex 134.56868883221526 44.87497555054446 3.0
    vertex 140.46646631108246 44.87497555054448 2.2235428646924382
    vertex 140.54302341633667 44.87497555054448 2.6084214233398457
  endloop
endfacet
facet normal 1.6182913110755533e-15 -1.0 7.266198106337761e-16
  outer loop
    vertex 134.56868883221526 44.87497555054446 3.0
    vertex 140.54302341633667 44.87497555054448 2.6084214233398457
    vertex 140.56868883221523 44.87497555054448 3.0
  endloop
endfacet
facet normal 6.638901809007104e-17 1.0 -1.224793834950948e-16
  outer loop
    vertex 62.56868883221525 78.87497555054448 3.0
    vertex 71.56868883221526 78.87497555054448 32.47166619243111
    vertex 118.56868883221524 78.87497555054448 3.0
  endloop
endfacet
facet normal 6.638901809007104e-17 1.0 -1.224793834950948e-16
  outer loop
    vertex 71.56868883221526 78.87497555054448 32.47166619243111
    vertex 62.56868883221525 78.87497555054448 3.0
    vertex 62.56868883221525 78.87497555054448 38.87798296834159
  endloop
endfacet
facet normal 6.638901809007104e-17 1.0 -1.224793834950948e-16
  outer loop
    vertex 118.56868883221524 78.87497555054448 3.0
    vertex 71.56868883221526 78.87497555054448 32.47166619243111
    vertex 72.0510507420102 78.87497555054448 32.27186534742185
  endloop
endfacet
facet normal 6.638901809007104e-17 1.0 -1.224793834950948e-16
  outer loop
    vertex 118.56868883221524 78.87497555054448 3.0
    vertex 72.0510507420102 78.87497555054448 32.27186534742185
    vertex 72.56868883221526 78.87497555054448 32.20371699999999
  endloop
endfacet
facet normal 6.638901809007104e-17 1.0 -1.224793834950948e-16
  outer loop
    vertex 71.56868883221526 78.87497555054448 32.47166619243111
    vertex 62.56868883221525 78.87497555054448 38.87798296834159
    vertex 71.15447526984215 78.87497555054448 32.78950343762689
  endloop
endfacet
facet normal 6.638901809007104e-17 1.0 -1.224793834950948e-16
  outer loop
    vertex 71.15447526984215 78.87497555054448 32.78950343762689
    vertex 62.56868883221525 78.87497555054448 38.87798296834159
    vertex 70.83663802464638 78.87497555054448 33.20371699999998
  endloop
endfacet
facet normal 6.638901809007104e-17 1.0 -1.224793834950948e-16
  outer loop
    vertex 70.83663802464638 78.87497555054448 33.20371699999998
    vertex 62.56868883221525 78.87497555054448 38.87798296834159
    vertex 70.63683717963713 78.87497555054448 33.686078909794944
  endloop
endfacet
facet normal 6.638901809007104e-17 1.0 -1.224793834950948e-16
  outer loop
    vertex 70.63683717963713 78.87497555054448 33.686078909794944
    vertex 62.56868883221525 78.87497555054448 38.87798296834159
    vertex 70.56868883221526 78.87497555054448 34.20371699999999
  endloop
endfacet
facet normal 6.638901809007104e-17 1.0 -1.224793834950948e-16
  outer loop
    vertex 70.56868883221526 78.87497555054448 34.20371699999999
    vertex 62.56868883221525 78.87497555054448 38.87798296834159
    vertex 70.63683717963711 78.87497555054448 34.72135509020503
  endloop
endfacet
facet normal 6.638901809007104e-17 1.0 -1.224793834950948e-16
  outer loop
    vertex 70.63683717963711 78.87497555054448 34.72135509020503
    vertex 62.56868883221525 78.87497555054448 38.87798296834159
    vertex 70.83663802464638 78.87497555054448 35.20371699999999
  endloop
endfacet
facet normal 6.638901809007104e-17 1.0 -1.224793834950948e-16
  outer loop
    vertex 70.83663802464638 78.87497555054448 35.20371699999999
    vertex 62.56868883221525 78.87497555054448 38.87798296834159
    vertex 71.15447526984215 78.87497555054448 35.61793056237309
  endloop
endfacet
facet normal 6.638901809007104e-17 1.0 -1.224793834950948e-16
  outer loop
    vertex 71.15447526984215 78.87497555054448 35.61793056237309
    vertex 62.56868883221525 78.87497555054448 38.87798296834159
    vertex 71.56868883221526 78.87497555054448 35.935767807568865
  endloop
endfacet
facet normal 6.638901809007104e-17 1.0 -1.224793834950948e-16
  outer loop
    vertex 71.56868883221526 78.87497555054448 35.935767807568865
    vertex 62.56868883221525 78.87497555054448 38.87798296834159
    vertex 72.0510507420102 78.87497555054448 36.13556865257813
  endloop
endfacet
facet normal 6.638901809007104e-17 1.0 -1.224793834950948e-16
  outer loop
    vertex 72.0510507420102 78.87497555054448 36.13556865257813
    vertex 62.56868883221525 78.87497555054448 38.87798296834159
    vertex 72.56868883221526 78.87497555054448 36.20371699999999
  endloop
endfacet
facet normal 6.638901809007104e-17 1.0 -1.224793834950948e-16
  outer loop
    vertex 72.56868883221526 78.87497555054448 36.20371699999999
    vertex 62.56868883221525 78.87497555054448 38.87798296834159
    vertex 108.56868883221523 78.87497555054448 36.20371699999999
  endloop
endfacet
facet normal 6.638901809007104e-17 1.0 -1.224793834950948e-16
  outer loop
    vertex 108.56868883221523 78.87497555054448 36.20371699999999
    vertex 62.56868883221525 78.87497555054448 38.87798296834159
    vertex 118.56868883221524 78.87497555054448 36.771024352302405
  endloop
endfacet
facet normal 6.638901809007104e-17 1.0 -1.224793834950948e-16
  outer loop
    vertex 118.56868883221524 78.87497555054448 36.771024352302405
    vertex 62.56868883221525 78.87497555054448 38.87798296834159
    vertex 118.56868883221524 78.87497555054448 38.87798296834159
  endloop
endfacet
facet normal 6.638901809007104e-17 1.0 -1.224793834950948e-16
  outer loop
    vertex 118.56868883221524 78.87497555054448 3.0
    vertex 109.56868883221523 78.87497555054448 32.47166619243111
    vertex 118.56868883221524 78.87497555054448 36.771024352302405
  endloop
endfacet
facet normal 6.638901809007104e-17 1.0 -1.224793834950948e-16
  outer loop
    vertex 109.56868883221523 78.87497555054448 32.47166619243111
    vertex 118.56868883221524 78.87497555054448 3.0
    vertex 109.08632692242028 78.87497555054448 32.27186534742185
  endloop
endfacet
facet normal 6.638901809007104e-17 1.0 -1.224793834950948e-16
  outer loop
    vertex 109.08632692242028 78.87497555054448 32.27186534742185
    vertex 118.56868883221524 78.87497555054448 3.0
    vertex 108.56868883221523 78.87497555054448 32.20371699999999
  endloop
endfacet
facet normal 6.638901809007104e-17 1.0 -1.224793834950948e-16
  outer loop
    vertex 108.56868883221523 78.87497555054448 32.20371699999999
    vertex 118.56868883221524 78.87497555054448 3.0
    vertex 72.56868883221526 78.87497555054448 32.20371699999999
  endloop
endfacet
facet normal 6.638901809007104e-17 1.0 -1.224793834950948e-16
  outer loop
    vertex 118.56868883221524 78.87497555054448 36.771024352302405
    vertex 109.56868883221523 78.87497555054448 32.47166619243111
    vertex 109.98290239458834 78.87497555054448 32.78950343762689
  endloop
endfacet
facet normal 6.638901809007104e-17 1.0 -1.224793834950948e-16
  outer loop
    vertex 118.56868883221524 78.87497555054448 36.771024352302405
    vertex 109.98290239458834 78.87497555054448 32.78950343762689
    vertex 110.30073963978413 78.87497555054448 33.20371699999999
  endloop
endfacet
facet normal 6.638901809007104e-17 1.0 -1.224793834950948e-16
  outer loop
    vertex 118.56868883221524 78.87497555054448 36.771024352302405
    vertex 110.30073963978413 78.87497555054448 33.20371699999999
    vertex 110.50054048479338 78.87497555054448 33.68607890979495
  endloop
endfacet
facet normal 6.638901809007104e-17 1.0 -1.224793834950948e-16
  outer loop
    vertex 118.56868883221524 78.87497555054448 36.771024352302405
    vertex 110.50054048479338 78.87497555054448 33.68607890979495
    vertex 110.56868883221523 78.87497555054448 34.20371699999999
  endloop
endfacet
facet normal 6.638901809007104e-17 1.0 -1.224793834950948e-16
  outer loop
    vertex 118.56868883221524 78.87497555054448 36.771024352302405
    vertex 110.56868883221523 78.87497555054448 34.20371699999999
    vertex 110.50054048479338 78.87497555054448 34.72135509020503
  endloop
endfacet
facet normal 6.638901809007104e-17 1.0 -1.224793834950948e-16
  outer loop
    vertex 118.56868883221524 78.87497555054448 36.771024352302405
    vertex 110.50054048479338 78.87497555054448 34.72135509020503
    vertex 110.30073963978413 78.87497555054448 35.20371699999999
  endloop
endfacet
facet normal 6.638901809007104e-17 1.0 -1.224793834950948e-16
  outer loop
    vertex 118.56868883221524 78.87497555054448 36.771024352302405
    vertex 110.30073963978413 78.87497555054448 35.20371699999999
    vertex 109.98290239458834 78.87497555054448 35.61793056237309
  endloop
endfacet
facet normal 6.638901809007104e-17 1.0 -1.224793834950948e-16
  outer loop
    vertex 118.56868883221524 78.87497555054448 36.771024352302405
    vertex 109.98290239458834 78.87497555054448 35.61793056237309
    vertex 109.56868883221523 78.87497555054448 35.935767807568865
  endloop
endfacet
facet normal 6.638901809007104e-17 1.0 -1.224793834950948e-16
  outer loop
    vertex 118.56868883221524 78.87497555054448 36.771024352302405
    vertex 109.56868883221523 78.87497555054448 35.935767807568865
    vertex 109.08632692242028 78.87497555054448 36.13556865257813
  endloop
endfacet
facet normal 6.638901809007104e-17 1.0 -1.224793834950948e-16
  outer loop
    vertex 118.56868883221524 78.87497555054448 36.771024352302405
    vertex 109.08632692242028 78.87497555054448 36.13556865257813
    vertex 108.56868883221523 78.87497555054448 36.20371699999999
  endloop
endfacet
facet normal 6.638901809007104e-17 1.0 -1.224793834950948e-16
  outer loop
    vertex 73.0863269224203 78.87497555054448 32.27186534742185
    vertex 108.56868883221523 78.87497555054448 32.20371699999999
    vertex 72.56868883221526 78.87497555054448 32.20371699999999
  endloop
endfacet
facet normal 6.638901809007104e-17 1.0 -1.224793834950948e-16
  outer loop
    vertex 108.56868883221523 78.87497555054448 32.20371699999999
    vertex 73.0863269224203 78.87497555054448 32.27186534742185
    vertex 108.05105074201019 78.87497555054448 32.27186534742185
  endloop
endfacet
facet normal 6.638901809007104e-17 1.0 -1.224793834950948e-16
  outer loop
    vertex 108.05105074201019 78.87497555054448 32.27186534742185
    vertex 73.0863269224203 78.87497555054448 32.27186534742185
    vertex 73.56868883221526 78.87497555054448 32.47166619243111
  endloop
endfacet
facet normal 6.638901809007104e-17 1.0 -1.224793834950948e-16
  outer loop
    vertex 108.05105074201019 78.87497555054448 32.27186534742185
    vertex 73.56868883221526 78.87497555054448 32.47166619243111
    vertex 107.56868883221523 78.87497555054448 32.47166619243111
  endloop
endfacet
facet normal 6.638901809007104e-17 1.0 -1.224793834950948e-16
  outer loop
    vertex 107.56868883221523 78.87497555054448 32.47166619243111
    vertex 73.56868883221526 78.87497555054448 32.47166619243111
    vertex 73.98290239458835 78.87497555054448 32.78950343762689
  endloop
endfacet
facet normal 6.638901809007104e-17 1.0 -1.224793834950948e-16
  outer loop
    vertex 107.56868883221523 78.87497555054448 32.47166619243111
    vertex 73.98290239458835 78.87497555054448 32.78950343762689
    vertex 107.15447526984214 78.87497555054448 32.78950343762689
  endloop
endfacet
facet normal 6.638901809007104e-17 1.0 -1.224793834950948e-16
  outer loop
    vertex 107.15447526984214 78.87497555054448 32.78950343762689
    vertex 73.98290239458835 78.87497555054448 32.78950343762689
    vertex 74.30073963978414 78.87497555054448 33.20371699999999
  endloop
endfacet
facet normal 6.638901809007104e-17 1.0 -1.224793834950948e-16
  outer loop
    vertex 107.15447526984214 78.87497555054448 32.78950343762689
    vertex 74.30073963978414 78.87497555054448 33.20371699999999
    vertex 106.83663802464635 78.87497555054448 33.20371699999998
  endloop
endfacet
facet normal 6.638901809007104e-17 1.0 -1.224793834950948e-16
  outer loop
    vertex 106.83663802464635 78.87497555054448 33.20371699999998
    vertex 74.30073963978414 78.87497555054448 33.20371699999999
    vertex 106.63683717963708 78.87497555054448 33.686078909794944
  endloop
endfacet
facet normal 6.638901809007104e-17 1.0 -1.224793834950948e-16
  outer loop
    vertex 106.63683717963708 78.87497555054448 33.686078909794944
    vertex 74.30073963978414 78.87497555054448 33.20371699999999
    vertex 74.5005404847934 78.87497555054448 33.68607890979495
  endloop
endfacet
facet normal 6.638901809007104e-17 1.0 -1.224793834950948e-16
  outer loop
    vertex 106.63683717963708 78.87497555054448 33.686078909794944
    vertex 74.5005404847934 78.87497555054448 33.68607890979495
    vertex 106.56868883221524 78.87497555054448 34.20371699999999
  endloop
endfacet
facet normal 6.638901809007104e-17 1.0 -1.224793834950948e-16
  outer loop
    vertex 106.56868883221524 78.87497555054448 34.20371699999999
    vertex 74.5005404847934 78.87497555054448 33.68607890979495
    vertex 74.56868883221526 78.87497555054448 34.20371699999999
  endloop
endfacet
facet normal 6.638901809007104e-17 1.0 -1.224793834950948e-16
  outer loop
    vertex 106.56868883221524 78.87497555054448 34.20371699999999
    vertex 74.56868883221526 78.87497555054448 34.20371699999999
    vertex 74.5005404847934 78.87497555054448 34.72135509020503
  endloop
endfacet
facet normal 6.638901809007104e-17 1.0 -1.224793834950948e-16
  outer loop
    vertex 106.56868883221524 78.87497555054448 34.20371699999999
    vertex 74.5005404847934 78.87497555054448 34.72135509020503
    vertex 106.63683717963708 78.87497555054448 34.72135509020503
  endloop
endfacet
facet normal 6.638901809007104e-17 1.0 -1.224793834950948e-16
  outer loop
    vertex 106.63683717963708 78.87497555054448 34.72135509020503
    vertex 74.5005404847934 78.87497555054448 34.72135509020503
    vertex 74.30073963978414 78.87497555054448 35.20371699999999
  endloop
endfacet
facet normal 6.638901809007104e-17 1.0 -1.224793834950948e-16
  outer loop
    vertex 106.63683717963708 78.87497555054448 34.72135509020503
    vertex 74.30073963978414 78.87497555054448 35.20371699999999
    vertex 106.83663802464635 78.87497555054448 35.20371699999999
  endloop
endfacet
facet normal 6.638901809007104e-17 1.0 -1.224793834950948e-16
  outer loop
    vertex 106.83663802464635 78.87497555054448 35.20371699999999
    vertex 74.30073963978414 78.87497555054448 35.20371699999999
    vertex 107.15447526984214 78.87497555054448 35.61793056237309
  endloop
endfacet
facet normal 6.638901809007104e-17 1.0 -1.224793834950948e-16
  outer loop
    vertex 107.15447526984214 78.87497555054448 35.61793056237309
    vertex 74.30073963978414 78.87497555054448 35.20371699999999
    vertex 73.98290239458835 78.87497555054448 35.61793056237309
  endloop
endfacet
facet normal 6.638901809007104e-17 1.0 -1.224793834950948e-16
  outer loop
    vertex 107.15447526984214 78.87497555054448 35.61793056237309
    vertex 73.98290239458835 78.87497555054448 35.61793056237309
    vertex 73.56868883221526 78.87497555054448 35.935767807568865
  endloop
endfacet
facet normal 6.638901809007104e-17 1.0 -1.224793834950948e-16
  outer loop
    vertex 107.15447526984214 78.87497555054448 35.61793056237309
    vertex 73.56868883221526 78.87497555054448 35.935767807568865
    vertex 107.56868883221523 78.87497555054448 35.935767807568865
  endloop
endfacet
facet normal 6.638901809007104e-17 1.0 -1.224793834950948e-16
  outer loop
    vertex 107.56868883221523 78.87497555054448 35.935767807568865
    vertex 73.56868883221526 78.87497555054448 35.935767807568865
    vertex 73.0863269224203 78.87497555054448 36.13556865257813
  endloop
endfacet
facet normal 6.638901809007104e-17 1.0 -1.224793834950948e-16
  outer loop
    vertex 107.56868883221523 78.87497555054448 35.935767807568865
    vertex 73.0863269224203 78.87497555054448 36.13556865257813
    vertex 108.05105074201019 78.87497555054448 36.13556865257813
  endloop
endfacet
facet normal 6.638901809007104e-17 1.0 -1.224793834950948e-16
  outer loop
    vertex 108.05105074201019 78.87497555054448 36.13556865257813
    vertex 73.0863269224203 78.87497555054448 36.13556865257813
    vertex 72.56868883221526 78.87497555054448 36.20371699999999
  endloop
endfacet
facet normal 6.638901809007104e-17 1.0 -1.224793834950948e-16
  outer loop
    vertex 108.05105074201019 78.87497555054448 36.13556865257813
    vertex 72.56868883221526 78.87497555054448 36.20371699999999
    vertex 108.56868883221523 78.87497555054448 36.20371699999999
  endloop
endfacet
facet normal 6.638901809007104e-17 1.0 -1.224793834950948e-16
  outer loop
    vertex 43.568688832215244 78.87497555054448 3.524958103184872e-16
    vertex 137.96026740887532 78.87497555054448 0.025665415878543377
    vertex 137.56868883221517 78.87497555054448 -2.5634294791616567e-14
  endloop
endfacet
facet normal 6.638901809007104e-17 1.0 -1.224793834950948e-16
  outer loop
    vertex 137.96026740887532 78.87497555054448 0.025665415878543377
    vertex 43.568688832215244 78.87497555054448 3.524958103184872e-16
    vertex 43.17711025555509 78.87497555054448 0.025665415878569364
  endloop
endfacet
facet normal 6.638901809007104e-17 1.0 -1.224793834950948e-16
  outer loop
    vertex 137.96026740887532 78.87497555054448 0.025665415878543377
    vertex 43.17711025555509 78.87497555054448 0.025665415878569364
    vertex 138.34514596752274 78.87497555054448 0.10222252113276961
  endloop
endfacet
facet normal 6.638901809007104e-17 1.0 -1.224793834950948e-16
  outer loop
    vertex 138.34514596752274 78.87497555054448 0.10222252113276961
    vertex 43.17711025555509 78.87497555054448 0.025665415878569364
    vertex 42.792231696907685 78.87497555054448 0.1022225211327956
  endloop
endfacet
facet normal 6.638901809007104e-17 1.0 -1.224793834950948e-16
  outer loop
    vertex 138.34514596752274 78.87497555054448 0.10222252113276961
    vertex 42.792231696907685 78.87497555054448 0.1022225211327956
    vertex 138.71673912931044 78.87497555054448 0.2283614024661143
  endloop
endfacet
facet normal 6.638901809007104e-17 1.0 -1.224793834950948e-16
  outer loop
    vertex 138.71673912931044 78.87497555054448 0.2283614024661143
    vertex 42.792231696907685 78.87497555054448 0.1022225211327956
    vertex 42.42063853511998 78.87497555054448 0.2283614024661403
  endloop
endfacet
facet normal 6.638901809007104e-17 1.0 -1.224793834950948e-16
  outer loop
    vertex 138.71673912931044 78.87497555054448 0.2283614024661143
    vertex 42.42063853511998 78.87497555054448 0.2283614024661403
    vertex 139.06868883221517 78.87497555054448 0.40192378864665873
  endloop
endfacet
facet normal 6.638901809007104e-17 1.0 -1.224793834950948e-16
  outer loop
    vertex 139.06868883221517 78.87497555054448 0.40192378864665873
    vertex 42.42063853511998 78.87497555054448 0.2283614024661403
    vertex 42.068688832215244 78.87497555054448 0.4019237886466844
  endloop
endfacet
facet normal 6.638901809007104e-17 1.0 -1.224793834950948e-16
  outer loop
    vertex 139.06868883221517 78.87497555054448 0.40192378864665873
    vertex 42.068688832215244 78.87497555054448 0.4019237886466844
    vertex 139.39497311924134 78.87497555054448 0.6199399791262692
  endloop
endfacet
facet normal 6.638901809007104e-17 1.0 -1.224793834950948e-16
  outer loop
    vertex 139.39497311924134 78.87497555054448 0.6199399791262692
    vertex 42.068688832215244 78.87497555054448 0.4019237886466844
    vertex 41.74240454518908 78.87497555054448 0.6199399791262945
  endloop
endfacet
facet normal 6.638901809007104e-17 1.0 -1.224793834950948e-16
  outer loop
    vertex 139.39497311924134 78.87497555054448 0.6199399791262692
    vertex 41.74240454518908 78.87497555054448 0.6199399791262945
    vertex 139.69000917577483 78.87497555054448 0.878679656440332
  endloop
endfacet
facet normal 6.638901809007104e-17 1.0 -1.224793834950948e-16
  outer loop
    vertex 139.69000917577483 78.87497555054448 0.878679656440332
    vertex 41.74240454518908 78.87497555054448 0.6199399791262945
    vertex 41.447368488655606 78.87497555054448 0.878679656440358
  endloop
endfacet
facet normal 6.638901809007104e-17 1.0 -1.224793834950948e-16
  outer loop
    vertex 139.69000917577483 78.87497555054448 0.878679656440332
    vertex 41.447368488655606 78.87497555054448 0.878679656440358
    vertex 139.9487488530889 78.87497555054448 1.1737157129738134
  endloop
endfacet
facet normal 6.638901809007104e-17 1.0 -1.224793834950948e-16
  outer loop
    vertex 139.9487488530889 78.87497555054448 1.1737157129738134
    vertex 41.447368488655606 78.87497555054448 0.878679656440358
    vertex 41.18862881134154 78.87497555054448 1.173715712973838
  endloop
endfacet
facet normal 6.638901809007104e-17 1.0 -1.224793834950948e-16
  outer loop
    vertex 139.9487488530889 78.87497555054448 1.1737157129738134
    vertex 41.18862881134154 78.87497555054448 1.173715712973838
    vertex 140.16676504356852 78.87497555054448 1.4999999999999751
  endloop
endfacet
facet normal 6.638901809007104e-17 1.0 -1.224793834950948e-16
  outer loop
    vertex 140.16676504356852 78.87497555054448 1.4999999999999751
    vertex 41.18862881134154 78.87497555054448 1.173715712973838
    vertex 40.97061262086193 78.87497555054448 1.5000000000000002
  endloop
endfacet
facet normal 6.638901809007104e-17 1.0 -1.224793834950948e-16
  outer loop
    vertex 140.16676504356852 78.87497555054448 1.4999999999999751
    vertex 40.97061262086193 78.87497555054448 1.5000000000000002
    vertex 140.34032742974904 78.87497555054448 1.8519497029047056
  endloop
endfacet
facet normal 6.638901809007104e-17 1.0 -1.224793834950948e-16
  outer loop
    vertex 140.34032742974904 78.87497555054448 1.8519497029047056
    vertex 40.97061262086193 78.87497555054448 1.5000000000000002
    vertex 40.797050234681386 78.87497555054448 1.851949702904731
  endloop
endfacet
facet normal 6.638901809007104e-17 1.0 -1.224793834950948e-16
  outer loop
    vertex 140.34032742974904 78.87497555054448 1.8519497029047056
    vertex 40.797050234681386 78.87497555054448 1.851949702904731
    vertex 140.4664663110824 78.87497555054448 2.223542864692413
  endloop
endfacet
facet normal 6.638901809007104e-17 1.0 -1.224793834950948e-16
  outer loop
    vertex 140.4664663110824 78.87497555054448 2.223542864692413
    vertex 40.797050234681386 78.87497555054448 1.851949702904731
    vertex 40.67091135334804 78.87497555054448 2.223542864692438
  endloop
endfacet
facet normal 6.638901809007104e-17 1.0 -1.224793834950948e-16
  outer loop
    vertex 140.4664663110824 78.87497555054448 2.223542864692413
    vertex 40.67091135334804 78.87497555054448 2.223542864692438
    vertex 140.5430234163366 78.87497555054448 2.6084214233398204
  endloop
endfacet
facet normal 6.638901809007104e-17 1.0 -1.224793834950948e-16
  outer loop
    vertex 140.5430234163366 78.87497555054448 2.6084214233398204
    vertex 40.67091135334804 78.87497555054448 2.223542864692438
    vertex 40.594354248093815 78.87497555054448 2.6084214233398453
  endloop
endfacet
facet normal 6.638901809007104e-17 1.0 -1.224793834950948e-16
  outer loop
    vertex 140.5430234163366 78.87497555054448 2.6084214233398204
    vertex 40.594354248093815 78.87497555054448 2.6084214233398453
    vertex 140.56868883221523 78.87497555054448 3.0
  endloop
endfacet
facet normal 6.638901809007104e-17 1.0 -1.224793834950948e-16
  outer loop
    vertex 140.56868883221523 78.87497555054448 3.0
    vertex 40.594354248093815 78.87497555054448 2.6084214233398453
    vertex 40.568688832215244 78.87497555054448 3.0
  endloop
endfacet
facet normal 6.638901809007104e-17 1.0 -1.224793834950948e-16
  outer loop
    vertex 140.56868883221523 78.87497555054448 3.0
    vertex 40.568688832215244 78.87497555054448 3.0
    vertex 62.56868883221525 78.87497555054448 3.0
  endloop
endfacet
facet normal 6.638901809007104e-17 1.0 -1.224793834950948e-16
  outer loop
    vertex 140.56868883221523 78.87497555054448 3.0
    vertex 62.56868883221525 78.87497555054448 3.0
    vertex 118.56868883221524 78.87497555054448 3.0
  endloop
endfacet
facet normal 1.0 0.0 0.0
  outer loop
    vertex 140.56868883221523 8.874975550544482 3.0
    vertex 140.56868883221523 3.8749755505444834 15.999999999999998
    vertex 140.56868883221523 3.8749755505444834 3.0
  endloop
endfacet
facet normal 1.0 0.0 0.0
  outer loop
    vertex 140.56868883221523 3.8749755505444834 15.999999999999998
    vertex 140.56868883221523 8.874975550544482 3.0
    vertex 140.56868883221523 8.874975550544482 15.999999999999998
  endloop
endfacet
facet normal 0.0 0.0 1.0
  outer loop
    vertex 134.56868883221526 75.87497555054448 3.0
    vertex 118.56868883221524 78.87497555054448 3.0
    vertex 118.56868883221524 75.87497555054449 3.0
  endloop
endfacet
facet normal 0.0 0.0 1.0
  outer loop
    vertex 118.56868883221524 78.87497555054448 3.0
    vertex 134.56868883221526 75.87497555054448 3.0
    vertex 140.56868883221523 78.87497555054448 3.0
  endloop
endfacet
facet normal 0.0 0.0 1.0
  outer loop
    vertex 140.56868883221523 78.87497555054448 3.0
    vertex 134.56868883221526 75.87497555054448 3.0
    vertex 140.56868883221523 75.87497555054449 3.0
  endloop
endfacet
facet normal 0.0 0.0 1.0
  outer loop
    vertex 131.56868883221526 8.678823127837859 3.0
    vertex 137.8243196464308 8.874975550544482 3.0
    vertex 131.3130580179997 8.874975550544482 3.0
  endloop
endfacet
facet normal 0.0 0.0 1.0
  outer loop
    vertex 137.8243196464308 8.874975550544482 3.0
    vertex 131.56868883221526 8.678823127837859 3.0
    vertex 133.01577456160015 8.079420592810084 3.0
  endloop
endfacet
facet normal 0.0 0.0 1.0
  outer loop
    vertex 137.8243196464308 8.874975550544482 3.0
    vertex 133.01577456160015 8.079420592810084 3.0
    vertex 134.56868883221526 7.874975550544493 3.0
  endloop
endfacet
facet normal 0.0 0.0 1.0
  outer loop
    vertex 137.8243196464308 8.874975550544482 3.0
    vertex 134.56868883221526 7.874975550544493 3.0
    vertex 136.12160310283036 8.079420592810084 3.0
  endloop
endfacet
facet normal 0.0 0.0 1.0
  outer loop
    vertex 137.8243196464308 8.874975550544482 3.0
    vertex 136.12160310283036 8.079420592810084 3.0
    vertex 137.56868883221526 8.678823127837859 3.0
  endloop
endfacet
facet normal 0.0 0.0 1.0
  outer loop
    vertex 46.568688832215244 44.87497555054448 3.0
    vertex 40.568688832215244 75.87497555054449 3.0
    vertex 40.568688832215244 44.87497555054448 3.0
  endloop
endfacet
facet normal 0.0 0.0 1.0
  outer loop
    vertex 40.568688832215244 75.87497555054449 3.0
    vertex 46.568688832215244 44.87497555054448 3.0
    vertex 46.568688832215244 75.87497555054449 3.0
  endloop
endfacet
facet normal 0.9807852804032361 1.4970526701402643e-15 -0.1950903220160995
  outer loop
    vertex 140.4664663110824 78.87497555054448 2.223542864692413
    vertex 140.54302341633667 44.87497555054448 2.6084214233398457
    vertex 140.46646631108246 44.87497555054448 2.2235428646924382
  endloop
endfacet
facet normal 0.9807852804032361 1.4970526701402643e-15 -0.1950903220160995
  outer loop
    vertex 140.54302341633667 44.87497555054448 2.6084214233398457
    vertex 140.4664663110824 78.87497555054448 2.223542864692413
    vertex 140.5430234163366 78.87497555054448 2.6084214233398204
  endloop
endfacet
facet normal 0.9978589232385965 8.703787899772889e-16 -0.06540312923025303
  outer loop
    vertex 140.5430234163366 78.87497555054448 2.6084214233398204
    vertex 140.56868883221523 44.87497555054448 3.0
    vertex 140.54302341633667 44.87497555054448 2.6084214233398457
  endloop
endfacet
facet normal 0.9978589232385965 8.703787899772889e-16 -0.06540312923025303
  outer loop
    vertex 140.56868883221523 44.87497555054448 3.0
    vertex 140.5430234163366 78.87497555054448 2.6084214233398204
    vertex 140.56868883221523 75.87497555054449 3.0
  endloop
endfacet
facet normal 0.9978589232385965 8.703787899772889e-16 -0.06540312923025303
  outer loop
    vertex 140.56868883221523 75.87497555054449 3.0
    vertex 140.5430234163366 78.87497555054448 2.6084214233398204
    vertex 140.56868883221523 78.87497555054448 3.0
  endloop
endfacet
facet normal 0.8314696123025461 9.790085422565474e-16 -0.555570233019601
  outer loop
    vertex 139.9487488530889 78.87497555054448 1.1737157129738134
    vertex 140.16676504356857 44.87497555054448 1.5000000000000004
    vertex 139.94874885308897 44.87497555054447 1.1737157129738385
  endloop
endfacet
facet normal 0.8314696123025461 9.790085422565474e-16 -0.555570233019601
  outer loop
    vertex 140.16676504356857 44.87497555054448 1.5000000000000004
    vertex 139.9487488530889 78.87497555054448 1.1737157129738134
    vertex 140.16676504356852 78.87497555054448 1.4999999999999751
  endloop
endfacet
facet normal 0.9469301294951047 1.3464183608397221e-15 -0.321439465303165
  outer loop
    vertex 140.34032742974904 78.87497555054448 1.8519497029047056
    vertex 140.46646631108246 44.87497555054448 2.2235428646924382
    vertex 140.3403274297491 44.87497555054448 1.851949702904731
  endloop
endfacet
facet normal 0.9469301294951047 1.3464183608397221e-15 -0.321439465303165
  outer loop
    vertex 140.46646631108246 44.87497555054448 2.2235428646924382
    vertex 140.34032742974904 78.87497555054448 1.8519497029047056
    vertex 140.4664663110824 78.87497555054448 2.223542864692413
  endloop
endfacet
facet normal 0.7518398074789747 7.685195168350685e-16 -0.6593458151000718
  outer loop
    vertex 139.69000917577483 78.87497555054448 0.878679656440332
    vertex 139.94874885308897 44.87497555054447 1.1737157129738385
    vertex 139.6900091757749 44.87497555054447 0.8786796564403572
  endloop
endfacet
facet normal 0.7518398074789747 7.685195168350685e-16 -0.6593458151000718
  outer loop
    vertex 139.94874885308897 44.87497555054447 1.1737157129738385
    vertex 139.69000917577483 78.87497555054448 0.878679656440332
    vertex 139.9487488530889 78.87497555054448 1.1737157129738134
  endloop
endfacet
facet normal 0.6593458151000501 5.448809094066488e-16 -0.751839807478994
  outer loop
    vertex 139.69000917577483 78.87497555054448 0.878679656440332
    vertex 139.3949731192414 44.87497555054447 0.6199399791262945
    vertex 139.39497311924134 78.87497555054448 0.6199399791262692
  endloop
endfacet
facet normal 0.6593458151000501 5.448809094066488e-16 -0.751839807478994
  outer loop
    vertex 139.3949731192414 44.87497555054447 0.6199399791262945
    vertex 139.69000917577483 78.87497555054448 0.878679656440332
    vertex 139.6900091757749 44.87497555054447 0.8786796564403572
  endloop
endfacet
facet normal 0.896872741532697 1.1727464600875857e-15 -0.44228869021898354
  outer loop
    vertex 140.16676504356852 78.87497555054448 1.4999999999999751
    vertex 140.3403274297491 44.87497555054448 1.851949702904731
    vertex 140.16676504356857 44.87497555054448 1.5000000000000004
  endloop
endfacet
facet normal 0.896872741532697 1.1727464600875857e-15 -0.44228869021898354
  outer loop
    vertex 140.3403274297491 44.87497555054448 1.851949702904731
    vertex 140.16676504356852 78.87497555054448 1.4999999999999751
    vertex 140.34032742974904 78.87497555054448 1.8519497029047056
  endloop
endfacet
facet normal 0.5555702330196101 3.1191923854885017e-16 -0.83146961230254
  outer loop
    vertex 139.39497311924134 78.87497555054448 0.6199399791262692
    vertex 139.06868883221526 44.87497555054447 0.40192378864668404
    vertex 139.06868883221517 78.87497555054448 0.40192378864665873
  endloop
endfacet
facet normal 0.5555702330196101 3.1191923854885017e-16 -0.83146961230254
  outer loop
    vertex 139.06868883221526 44.87497555054447 0.40192378864668404
    vertex 139.39497311924134 78.87497555054448 0.6199399791262692
    vertex 139.3949731192414 44.87497555054447 0.6199399791262945
  endloop
endfacet
facet normal 0.32143946530315953 -1.6593782037360188e-16 -0.9469301294951065
  outer loop
    vertex 138.71673912931044 78.87497555054448 0.2283614024661143
    vertex 138.3451459675228 44.87497555054447 0.10222252113279491
    vertex 138.34514596752274 78.87497555054448 0.10222252113276961
  endloop
endfacet
facet normal 0.32143946530315953 -1.6593782037360188e-16 -0.9469301294951065
  outer loop
    vertex 138.3451459675228 44.87497555054447 0.10222252113279491
    vertex 138.71673912931044 78.87497555054448 0.2283614024661143
    vertex 138.71673912931053 44.87497555054447 0.22836140246613962
  endloop
endfacet
facet normal 0.19509032201612594 -4.026569416730044e-16 -0.980785280403231
  outer loop
    vertex 138.34514596752274 78.87497555054448 0.10222252113276961
    vertex 137.96026740887538 44.87497555054447 0.02566541587856866
    vertex 137.96026740887532 78.87497555054448 0.025665415878543377
  endloop
endfacet
facet normal 0.19509032201612594 -4.026569416730044e-16 -0.980785280403231
  outer loop
    vertex 137.96026740887538 44.87497555054447 0.02566541587856866
    vertex 138.34514596752274 78.87497555054448 0.10222252113276961
    vertex 138.3451459675228 44.87497555054447 0.10222252113279491
  endloop
endfacet
facet normal 0.06540312923014524 -6.117572873027574e-16 -0.9978589232386034
  outer loop
    vertex 137.96026740887532 78.87497555054448 0.025665415878543377
    vertex 137.56868883221526 44.87497555054447 -3.524958103184872e-16
    vertex 137.56868883221517 78.87497555054448 -2.5634294791616567e-14
  endloop
endfacet
facet normal 0.06540312923014524 -6.117572873027574e-16 -0.9978589232386034
  outer loop
    vertex 137.56868883221526 44.87497555054447 -3.524958103184872e-16
    vertex 137.96026740887532 78.87497555054448 0.025665415878543377
    vertex 137.96026740887538 44.87497555054447 0.02566541587856866
  endloop
endfacet
facet normal 0.44228869021900197 7.362054303905345e-17 -0.896872741532688
  outer loop
    vertex 139.06868883221517 78.87497555054448 0.40192378864665873
    vertex 138.71673912931053 44.87497555054447 0.22836140246613962
    vertex 138.71673912931044 78.87497555054448 0.2283614024661143
  endloop
endfacet
facet normal 0.44228869021900197 7.362054303905345e-17 -0.896872741532688
  outer loop
    vertex 138.71673912931053 44.87497555054447 0.22836140246613962
    vertex 139.06868883221517 78.87497555054448 0.40192378864665873
    vertex 139.06868883221526 44.87497555054447 0.40192378864668404
  endloop
endfacet
facet normal -0.9807852804032308 -0.0 -0.19509032201612717
  outer loop
    vertex 40.594354248093815 78.87497555054448 2.6084214233398453
    vertex 40.67091135334804 44.87497555054448 2.223542864692438
    vertex 40.594354248093815 44.87497555054448 2.6084214233398453
  endloop
endfacet
facet normal -0.9807852804032308 -0.0 -0.19509032201612717
  outer loop
    vertex 40.67091135334804 44.87497555054448 2.223542864692438
    vertex 40.594354248093815 78.87497555054448 2.6084214233398453
    vertex 40.67091135334804 78.87497555054448 2.223542864692438
  endloop
endfacet
facet normal -0.4422886902190012 -0.0 -0.8968727415326883
  outer loop
    vertex 42.42063853511998 78.87497555054448 0.2283614024661403
    vertex 42.068688832215244 44.87497555054448 0.4019237886466844
    vertex 42.068688832215244 78.87497555054448 0.4019237886466844
  endloop
endfacet
facet normal -0.4422886902190012 -0.0 -0.8968727415326883
  outer loop
    vertex 42.068688832215244 44.87497555054448 0.4019237886466844
    vertex 42.42063853511998 78.87497555054448 0.2283614024661403
    vertex 42.42063853511998 44.87497555054448 0.2283614024661403
  endloop
endfacet
facet normal -0.1950903220161287 -0.0 -0.9807852804032304
  outer loop
    vertex 43.17711025555509 78.87497555054448 0.025665415878569364
    vertex 42.792231696907685 44.87497555054448 0.1022225211327956
    vertex 42.792231696907685 78.87497555054448 0.1022225211327956
  endloop
endfacet
facet normal -0.1950903220161287 -0.0 -0.9807852804032304
  outer loop
    vertex 42.792231696907685 44.87497555054448 0.1022225211327956
    vertex 43.17711025555509 78.87497555054448 0.025665415878569364
    vertex 43.17711025555509 44.87497555054448 0.025665415878569364
  endloop
endfacet
facet normal -0.32143946530315953 -0.0 -0.9469301294951065
  outer loop
    vertex 42.792231696907685 78.87497555054448 0.1022225211327956
    vertex 42.42063853511998 44.87497555054448 0.2283614024661403
    vertex 42.42063853511998 78.87497555054448 0.2283614024661403
  endloop
endfacet
facet normal -0.32143946530315953 -0.0 -0.9469301294951065
  outer loop
    vertex 42.42063853511998 44.87497555054448 0.2283614024661403
    vertex 42.792231696907685 78.87497555054448 0.1022225211327956
    vertex 42.792231696907685 44.87497555054448 0.1022225211327956
  endloop
endfacet
facet normal -0.5555702330196028 -0.0 -0.8314696123025449
  outer loop
    vertex 42.068688832215244 78.87497555054448 0.4019237886466844
    vertex 41.74240454518908 44.87497555054448 0.6199399791262945
    vertex 41.74240454518908 78.87497555054448 0.6199399791262945
  endloop
endfacet
facet normal -0.5555702330196028 -0.0 -0.8314696123025449
  outer loop
    vertex 41.74240454518908 44.87497555054448 0.6199399791262945
    vertex 42.068688832215244 78.87497555054448 0.4019237886466844
    vertex 42.068688832215244 44.87497555054448 0.4019237886466844
  endloop
endfacet
facet normal -0.06540312923014338 0.0 -0.9978589232386036
  outer loop
    vertex 43.568688832215244 78.87497555054448 3.524958103184872e-16
    vertex 43.17711025555509 44.87497555054448 0.025665415878569364
    vertex 43.17711025555509 78.87497555054448 0.025665415878569364
  endloop
endfacet
facet normal -0.06540312923014338 0.0 -0.9978589232386036
  outer loop
    vertex 43.17711025555509 44.87497555054448 0.025665415878569364
    vertex 43.568688832215244 78.87497555054448 3.524958103184872e-16
    vertex 43.568688832215244 44.87497555054448 3.524958103184872e-16
  endloop
endfacet
facet normal -0.6593458151000724 -0.0 -0.7518398074789744
  outer loop
    vertex 41.74240454518908 78.87497555054448 0.6199399791262945
    vertex 41.447368488655606 44.87497555054448 0.878679656440358
    vertex 41.447368488655606 78.87497555054448 0.878679656440358
  endloop
endfacet
facet normal -0.6593458151000724 -0.0 -0.7518398074789744
  outer loop
    vertex 41.447368488655606 44.87497555054448 0.878679656440358
    vertex 41.74240454518908 78.87497555054448 0.6199399791262945
    vertex 41.74240454518908 44.87497555054448 0.6199399791262945
  endloop
endfacet
facet normal -0.7518398074789737 -0.0 -0.6593458151000733
  outer loop
    vertex 41.18862881134154 78.87497555054448 1.173715712973838
    vertex 41.447368488655606 44.87497555054448 0.878679656440358
    vertex 41.18862881134154 44.87497555054448 1.173715712973838
  endloop
endfacet
facet normal -0.7518398074789737 -0.0 -0.6593458151000733
  outer loop
    vertex 41.447368488655606 44.87497555054448 0.878679656440358
    vertex 41.18862881134154 78.87497555054448 1.173715712973838
    vertex 41.447368488655606 78.87497555054448 0.878679656440358
  endloop
endfacet
facet normal -0.8314696123025462 -0.0 -0.5555702330196007
  outer loop
    vertex 40.97061262086193 78.87497555054448 1.5000000000000002
    vertex 41.18862881134154 44.87497555054448 1.173715712973838
    vertex 40.97061262086193 44.87497555054448 1.5000000000000002
  endloop
endfacet
facet normal -0.8314696123025462 -0.0 -0.5555702330196007
  outer loop
    vertex 41.18862881134154 44.87497555054448 1.173715712973838
    vertex 40.97061262086193 78.87497555054448 1.5000000000000002
    vertex 41.18862881134154 78.87497555054448 1.173715712973838
  endloop
endfacet
facet normal -0.8968727415326916 -0.0 -0.442288690218995
  outer loop
    vertex 40.797050234681386 78.87497555054448 1.851949702904731
    vertex 40.97061262086193 44.87497555054448 1.5000000000000002
    vertex 40.797050234681386 44.87497555054448 1.851949702904731
  endloop
endfacet
facet normal -0.8968727415326916 -0.0 -0.442288690218995
  outer loop
    vertex 40.97061262086193 44.87497555054448 1.5000000000000002
    vertex 40.797050234681386 78.87497555054448 1.851949702904731
    vertex 40.97061262086193 78.87497555054448 1.5000000000000002
  endloop
endfacet
facet normal -0.9469301294951046 -0.0 -0.32143946530316525
  outer loop
    vertex 40.67091135334804 78.87497555054448 2.223542864692438
    vertex 40.797050234681386 44.87497555054448 1.851949702904731
    vertex 40.67091135334804 44.87497555054448 2.223542864692438
  endloop
endfacet
facet normal -0.9469301294951046 -0.0 -0.32143946530316525
  outer loop
    vertex 40.797050234681386 44.87497555054448 1.851949702904731
    vertex 40.67091135334804 78.87497555054448 2.223542864692438
    vertex 40.797050234681386 78.87497555054448 1.851949702904731
  endloop
endfacet
facet normal -0.9978589232386034 0.0 -0.06540312923014456
  outer loop
    vertex 40.568688832215244 75.87497555054449 3.0
    vertex 40.594354248093815 44.87497555054448 2.6084214233398453
    vertex 40.568688832215244 44.87497555054448 3.0
  endloop
endfacet
facet normal -0.9978589232386034 0.0 -0.06540312923014456
  outer loop
    vertex 40.594354248093815 44.87497555054448 2.6084214233398453
    vertex 40.568688832215244 75.87497555054449 3.0
    vertex 40.594354248093815 78.87497555054448 2.6084214233398453
  endloop
endfacet
facet normal -0.9978589232386034 0.0 -0.06540312923014456
  outer loop
    vertex 40.594354248093815 78.87497555054448 2.6084214233398453
    vertex 40.568688832215244 75.87497555054449 3.0
    vertex 40.568688832215244 78.87497555054448 3.0
  endloop
endfacet
facet normal 0.0 0.0 1.0
  outer loop
    vertex 125.56868883221524 3.8749755505444834 15.999999999999998
    vertex 130.5080286604354 5.314315378764662 15.999999999999998
    vertex 126.56868883221524 8.874975550544482 15.999999999999998
  endloop
endfacet
facet normal 0.0 0.0 1.0
  outer loop
    vertex 130.5080286604354 5.314315378764662 15.999999999999998
    vertex 125.56868883221524 3.8749755505444834 15.999999999999998
    vertex 130.81868883221523 5.075937444867825 15.999999999999998
  endloop
endfacet
facet normal 0.0 0.0 1.0
  outer loop
    vertex 130.81868883221523 5.075937444867825 15.999999999999998
    vertex 125.56868883221524 3.8749755505444834 15.999999999999998
    vertex 131.18046026456145 4.92608681111088 15.999999999999998
  endloop
endfacet
facet normal 0.0 0.0 1.0
  outer loop
    vertex 131.18046026456145 4.92608681111088 15.999999999999998
    vertex 125.56868883221524 3.8749755505444834 15.999999999999998
    vertex 131.56868883221523 4.874975550544483 15.999999999999998
  endloop
endfacet
facet normal 0.0 0.0 1.0
  outer loop
    vertex 131.56868883221523 4.874975550544483 15.999999999999998
    vertex 125.56868883221524 3.8749755505444834 15.999999999999998
    vertex 140.56868883221523 3.8749755505444834 15.999999999999998
  endloop
endfacet
facet normal 0.0 0.0 1.0
  outer loop
    vertex 126.56868883221524 8.874975550544482 15.999999999999998
    vertex 130.5080286604354 5.314315378764662 15.999999999999998
    vertex 130.2696507265386 5.624975550544483 15.999999999999998
  endloop
endfacet
facet normal 0.0 0.0 1.0
  outer loop
    vertex 126.56868883221524 8.874975550544482 15.999999999999998
    vertex 130.2696507265386 5.624975550544483 15.999999999999998
    vertex 130.11980009278165 5.986746982890701 15.999999999999998
  endloop
endfacet
facet normal 0.0 0.0 1.0
  outer loop
    vertex 126.56868883221524 8.874975550544482 15.999999999999998
    vertex 130.11980009278165 5.986746982890701 15.999999999999998
    vertex 130.06868883221523 6.374975550544483 15.999999999999998
  endloop
endfacet
facet normal 0.0 0.0 1.0
  outer loop
    vertex 131.56868883221523 4.874975550544483 15.999999999999998
    vertex 140.56868883221523 3.8749755505444834 15.999999999999998
    vertex 131.956917399869 4.92608681111088 15.999999999999998
  endloop
endfacet
facet normal 0.0 0.0 1.0
  outer loop
    vertex 131.956917399869 4.92608681111088 15.999999999999998
    vertex 140.56868883221523 3.8749755505444834 15.999999999999998
    vertex 132.31868883221526 5.075937444867826 15.999999999999998
  endloop
endfacet
facet normal 0.0 0.0 1.0
  outer loop
    vertex 132.31868883221526 5.075937444867826 15.999999999999998
    vertex 140.56868883221523 3.8749755505444834 15.999999999999998
    vertex 132.62934900399506 5.314315378764662 15.999999999999998
  endloop
endfacet
facet normal 0.0 0.0 1.0
  outer loop
    vertex 132.62934900399506 5.314315378764662 15.999999999999998
    vertex 140.56868883221523 3.8749755505444834 15.999999999999998
    vertex 132.8677269378919 5.624975550544485 15.999999999999998
  endloop
endfacet
facet normal 0.0 0.0 1.0
  outer loop
    vertex 132.8677269378919 5.624975550544485 15.999999999999998
    vertex 140.56868883221523 3.8749755505444834 15.999999999999998
    vertex 133.01757757164884 5.986746982890702 15.999999999999998
  endloop
endfacet
facet normal 0.0 0.0 1.0
  outer loop
    vertex 133.01757757164884 5.986746982890702 15.999999999999998
    vertex 140.56868883221523 3.8749755505444834 15.999999999999998
    vertex 133.06868883221523 6.374975550544483 15.999999999999998
  endloop
endfacet
facet normal 0.0 0.0 1.0
  outer loop
    vertex 126.56868883221524 8.874975550544482 15.999999999999998
    vertex 131.56868883221523 7.874975550544483 15.999999999999998
    vertex 140.56868883221523 8.874975550544482 15.999999999999998
  endloop
endfacet
facet normal 0.0 0.0 1.0
  outer loop
    vertex 131.56868883221523 7.874975550544483 15.999999999999998
    vertex 126.56868883221524 8.874975550544482 15.999999999999998
    vertex 131.18046026456145 7.8238642899780855 15.999999999999998
  endloop
endfacet
facet normal 0.0 0.0 1.0
  outer loop
    vertex 131.18046026456145 7.8238642899780855 15.999999999999998
    vertex 126.56868883221524 8.874975550544482 15.999999999999998
    vertex 130.81868883221523 7.67401365622114 15.999999999999998
  endloop
endfacet
facet normal 0.0 0.0 1.0
  outer loop
    vertex 130.81868883221523 7.67401365622114 15.999999999999998
    vertex 126.56868883221524 8.874975550544482 15.999999999999998
    vertex 130.5080286604354 7.435635722324304 15.999999999999998
  endloop
endfacet
facet normal 0.0 0.0 1.0
  outer loop
    vertex 130.5080286604354 7.435635722324304 15.999999999999998
    vertex 126.56868883221524 8.874975550544482 15.999999999999998
    vertex 130.2696507265386 7.124975550544483 15.999999999999998
  endloop
endfacet
facet normal 0.0 0.0 1.0
  outer loop
    vertex 130.2696507265386 7.124975550544483 15.999999999999998
    vertex 126.56868883221524 8.874975550544482 15.999999999999998
    vertex 130.11980009278165 6.7632041181982645 15.999999999999998
  endloop
endfacet
facet normal 0.0 0.0 1.0
  outer loop
    vertex 130.11980009278165 6.7632041181982645 15.999999999999998
    vertex 126.56868883221524 8.874975550544482 15.999999999999998
    vertex 130.06868883221523 6.374975550544483 15.999999999999998
  endloop
endfacet
facet normal 0.0 0.0 1.0
  outer loop
    vertex 140.56868883221523 8.874975550544482 15.999999999999998
    vertex 131.56868883221523 7.874975550544483 15.999999999999998
    vertex 131.956917399869 7.8238642899780855 15.999999999999998
  endloop
endfacet
facet normal 0.0 0.0 1.0
  outer loop
    vertex 140.56868883221523 8.874975550544482 15.999999999999998
    vertex 131.956917399869 7.8238642899780855 15.999999999999998
    vertex 132.31868883221526 7.67401365622114 15.999999999999998
  endloop
endfacet
facet normal 0.0 0.0 1.0
  outer loop
    vertex 140.56868883221523 8.874975550544482 15.999999999999998
    vertex 132.31868883221526 7.67401365622114 15.999999999999998
    vertex 132.62934900399506 7.435635722324306 15.999999999999998
  endloop
endfacet
facet normal 0.0 0.0 1.0
  outer loop
    vertex 140.56868883221523 8.874975550544482 15.999999999999998
    vertex 132.62934900399506 7.435635722324306 15.999999999999998
    vertex 132.8677269378919 7.124975550544483 15.999999999999998
  endloop
endfacet
facet normal 0.0 0.0 1.0
  outer loop
    vertex 140.56868883221523 8.874975550544482 15.999999999999998
    vertex 132.8677269378919 7.124975550544483 15.999999999999998
    vertex 133.01757757164884 6.763204118198265 15.999999999999998
  endloop
endfacet
facet normal 0.0 0.0 1.0
  outer loop
    vertex 140.56868883221523 8.874975550544482 15.999999999999998
    vertex 133.01757757164884 6.763204118198265 15.999999999999998
    vertex 133.06868883221523 6.374975550544483 15.999999999999998
  endloop
endfacet
facet normal 0.0 0.0 1.0
  outer loop
    vertex 140.56868883221523 8.874975550544482 15.999999999999998
    vertex 133.06868883221523 6.374975550544483 15.999999999999998
    vertex 140.56868883221523 3.8749755505444834 15.999999999999998
  endloop
endfacet
facet normal -1.0 -0.0 -0.0
  outer loop
    vertex 106.56868883221526 8.874975550544484 15.999999999999998
    vertex 106.56868883221526 3.8749755505444834 3.0
    vertex 106.56868883221526 3.8749755505444834 15.999999999999998
  endloop
endfacet
facet normal -1.0 -0.0 -0.0
  outer loop
    vertex 106.56868883221526 3.8749755505444834 3.0
    vertex 106.56868883221526 8.874975550544484 15.999999999999998
    vertex 106.56868883221526 8.874975550544484 3.0
  endloop
endfacet
facet normal 0.0 1.0 0.0
  outer loop
    vertex 126.56868883221524 8.874975550544482 15.999999999999998
    vertex 131.3130580179997 8.874975550544482 3.0
    vertex 126.56868883221524 8.874975550544482 3.0
  endloop
endfacet
facet normal 0.0 1.0 0.0
  outer loop
    vertex 131.3130580179997 8.874975550544482 3.0
    vertex 126.56868883221524 8.874975550544482 15.999999999999998
    vertex 137.8243196464308 8.874975550544482 3.0
  endloop
endfacet
facet normal 0.0 1.0 0.0
  outer loop
    vertex 137.8243196464308 8.874975550544482 3.0
    vertex 126.56868883221524 8.874975550544482 15.999999999999998
    vertex 140.56868883221523 8.874975550544482 3.0
  endloop
endfacet
facet normal 0.0 1.0 0.0
  outer loop
    vertex 140.56868883221523 8.874975550544482 3.0
    vertex 126.56868883221524 8.874975550544482 15.999999999999998
    vertex 140.56868883221523 8.874975550544482 15.999999999999998
  endloop
endfacet
facet normal 0.0 1.0 0.0
  outer loop
    vertex 137.8243196464308 8.874975550544482 3.0
    vertex 137.96026740887538 8.874975550544482 0.025665415878574297
    vertex 137.8243196464308 8.874975550544482 0.0
  endloop
endfacet
facet normal 0.0 1.0 0.0
  outer loop
    vertex 137.96026740887538 8.874975550544482 0.025665415878574297
    vertex 137.8243196464308 8.874975550544482 3.0
    vertex 138.3451459675228 8.874975550544482 0.10222252113280055
  endloop
endfacet
facet normal 0.0 1.0 0.0
  outer loop
    vertex 138.3451459675228 8.874975550544482 0.10222252113280055
    vertex 137.8243196464308 8.874975550544482 3.0
    vertex 138.71673912931053 8.874975550544482 0.2283614024661449
  endloop
endfacet
facet normal 0.0 1.0 0.0
  outer loop
    vertex 138.71673912931053 8.874975550544482 0.2283614024661449
    vertex 137.8243196464308 8.874975550544482 3.0
    vertex 139.06868883221526 8.874975550544482 0.401923788646689
  endloop
endfacet
facet normal 0.0 1.0 0.0
  outer loop
    vertex 139.06868883221526 8.874975550544482 0.401923788646689
    vertex 137.8243196464308 8.874975550544482 3.0
    vertex 139.3949731192414 8.874975550544482 0.6199399791262994
  endloop
endfacet
facet normal 0.0 1.0 0.0
  outer loop
    vertex 139.3949731192414 8.874975550544482 0.6199399791262994
    vertex 137.8243196464308 8.874975550544482 3.0
    vertex 139.6900091757749 8.874975550544482 0.8786796564403618
  endloop
endfacet
facet normal 0.0 1.0 0.0
  outer loop
    vertex 139.6900091757749 8.874975550544482 0.8786796564403618
    vertex 137.8243196464308 8.874975550544482 3.0
    vertex 139.94874885308894 8.874975550544482 1.173715712973842
  endloop
endfacet
facet normal 0.0 1.0 0.0
  outer loop
    vertex 139.94874885308894 8.874975550544482 1.173715712973842
    vertex 137.8243196464308 8.874975550544482 3.0
    vertex 140.16676504356855 8.874975550544482 1.500000000000003
  endloop
endfacet
facet normal 0.0 1.0 0.0
  outer loop
    vertex 140.16676504356855 8.874975550544482 1.500000000000003
    vertex 137.8243196464308 8.874975550544482 3.0
    vertex 140.3403274297491 8.874975550544482 1.8519497029047332
  endloop
endfacet
facet normal 0.0 1.0 0.0
  outer loop
    vertex 140.3403274297491 8.874975550544482 1.8519497029047332
    vertex 137.8243196464308 8.874975550544482 3.0
    vertex 140.46646631108246 8.874975550544482 2.223542864692439
  endloop
endfacet
facet normal 0.0 1.0 0.0
  outer loop
    vertex 140.46646631108246 8.874975550544482 2.223542864692439
    vertex 137.8243196464308 8.874975550544482 3.0
    vertex 140.54302341633667 8.874975550544482 2.608421423339846
  endloop
endfacet
facet normal 0.0 1.0 0.0
  outer loop
    vertex 140.54302341633667 8.874975550544482 2.608421423339846
    vertex 137.8243196464308 8.874975550544482 3.0
    vertex 140.56868883221523 8.874975550544482 3.0
  endloop
endfacet
facet normal 0.9805806756909203 0.19611613513818368 0.0
  outer loop
    vertex 54.568688832215244 8.874975550544484 3.0
    vertex 55.568688832215244 3.8749755505444834 15.999999999999998
    vertex 55.568688832215244 3.8749755505444834 3.0
  endloop
endfacet
facet normal 0.9805806756909203 0.19611613513818368 0.0
  outer loop
    vertex 55.568688832215244 3.8749755505444834 15.999999999999998
    vertex 54.568688832215244 8.874975550544484 3.0
    vertex 54.568688832215244 8.874975550544484 15.999999999999998
  endloop
endfacet
facet normal 0.0 1.0 0.0
  outer loop
    vertex 106.56868883221526 8.874975550544484 15.999999999999998
    vertex 109.56868883221526 8.874975550544484 3.0
    vertex 106.56868883221526 8.874975550544484 3.0
  endloop
endfacet
facet normal 0.0 1.0 0.0
  outer loop
    vertex 109.56868883221526 8.874975550544484 3.0
    vertex 106.56868883221526 8.874975550544484 15.999999999999998
    vertex 109.56868883221526 8.874975550544484 15.999999999999998
  endloop
endfacet
facet normal 0.0 0.0 1.0
  outer loop
    vertex 40.568688832215244 3.8749755505444834 15.999999999999998
    vertex 48.81868883221525 5.075937444867825 15.999999999999998
    vertex 40.568688832215244 8.874975550544482 15.999999999999998
  endloop
endfacet
facet normal 0.0 0.0 1.0
  outer loop
    vertex 48.81868883221525 5.075937444867825 15.999999999999998
    vertex 40.568688832215244 3.8749755505444834 15.999999999999998
    vertex 49.18046026456147 4.92608681111088 15.999999999999998
  endloop
endfacet
facet normal 0.0 0.0 1.0
  outer loop
    vertex 49.18046026456147 4.92608681111088 15.999999999999998
    vertex 40.568688832215244 3.8749755505444834 15.999999999999998
    vertex 55.568688832215244 3.8749755505444834 15.999999999999998
  endloop
endfacet
facet normal 0.0 0.0 1.0
  outer loop
    vertex 40.568688832215244 8.874975550544482 15.999999999999998
    vertex 48.81868883221525 5.075937444867825 15.999999999999998
    vertex 48.50802866043542 5.314315378764662 15.999999999999998
  endloop
endfacet
facet normal 0.0 0.0 1.0
  outer loop
    vertex 40.568688832215244 8.874975550544482 15.999999999999998
    vertex 48.50802866043542 5.314315378764662 15.999999999999998
    vertex 48.26965072653859 5.624975550544483 15.999999999999998
  endloop
endfacet
facet normal 0.0 0.0 1.0
  outer loop
    vertex 40.568688832215244 8.874975550544482 15.999999999999998
    vertex 48.26965072653859 5.624975550544483 15.999999999999998
    vertex 48.119800092781645 5.986746982890701 15.999999999999998
  endloop
endfacet
facet normal 0.0 0.0 1.0
  outer loop
    vertex 40.568688832215244 8.874975550544482 15.999999999999998
    vertex 48.119800092781645 5.986746982890701 15.999999999999998
    vertex 48.068688832215244 6.374975550544483 15.999999999999998
  endloop
endfacet
facet normal 0.0 0.0 1.0
  outer loop
    vertex 49.18046026456147 4.92608681111088 15.999999999999998
    vertex 55.568688832215244 3.8749755505444834 15.999999999999998
    vertex 49.568688832215244 4.874975550544483 15.999999999999998
  endloop
endfacet
facet normal 0.0 0.0 1.0
  outer loop
    vertex 49.568688832215244 4.874975550544483 15.999999999999998
    vertex 55.568688832215244 3.8749755505444834 15.999999999999998
    vertex 49.956917399869035 4.92608681111088 15.999999999999998
  endloop
endfacet
facet normal 0.0 0.0 1.0
  outer loop
    vertex 49.956917399869035 4.92608681111088 15.999999999999998
    vertex 55.568688832215244 3.8749755505444834 15.999999999999998
    vertex 50.318688832215244 5.075937444867826 15.999999999999998
  endloop
endfacet
facet normal 0.0 0.0 1.0
  outer loop
    vertex 50.318688832215244 5.075937444867826 15.999999999999998
    vertex 55.568688832215244 3.8749755505444834 15.999999999999998
    vertex 50.629349003995074 5.314315378764662 15.999999999999998
  endloop
endfacet
facet normal 0.0 0.0 1.0
  outer loop
    vertex 50.629349003995074 5.314315378764662 15.999999999999998
    vertex 55.568688832215244 3.8749755505444834 15.999999999999998
    vertex 50.8677269378919 5.624975550544485 15.999999999999998
  endloop
endfacet
facet normal 0.0 0.0 1.0
  outer loop
    vertex 50.8677269378919 5.624975550544485 15.999999999999998
    vertex 55.568688832215244 3.8749755505444834 15.999999999999998
    vertex 51.01757757164886 5.986746982890702 15.999999999999998
  endloop
endfacet
facet normal 0.0 0.0 1.0
  outer loop
    vertex 51.01757757164886 5.986746982890702 15.999999999999998
    vertex 55.568688832215244 3.8749755505444834 15.999999999999998
    vertex 51.06868883221525 6.374975550544483 15.999999999999998
  endloop
endfacet
facet normal 0.0 0.0 1.0
  outer loop
    vertex 51.06868883221525 6.374975550544483 15.999999999999998
    vertex 55.568688832215244 3.8749755505444834 15.999999999999998
    vertex 54.568688832215244 8.874975550544484 15.999999999999998
  endloop
endfacet
facet normal 0.0 0.0 1.0
  outer loop
    vertex 40.568688832215244 8.874975550544482 15.999999999999998
    vertex 49.18046026456146 7.8238642899780855 15.999999999999998
    vertex 54.568688832215244 8.874975550544484 15.999999999999998
  endloop
endfacet
facet normal 0.0 0.0 1.0
  outer loop
    vertex 49.18046026456146 7.8238642899780855 15.999999999999998
    vertex 40.568688832215244 8.874975550544482 15.999999999999998
    vertex 48.81868883221525 7.67401365622114 15.999999999999998
  endloop
endfacet
facet normal 0.0 0.0 1.0
  outer loop
    vertex 48.81868883221525 7.67401365622114 15.999999999999998
    vertex 40.568688832215244 8.874975550544482 15.999999999999998
    vertex 48.50802866043542 7.435635722324304 15.999999999999998
  endloop
endfacet
facet normal 0.0 0.0 1.0
  outer loop
    vertex 48.50802866043542 7.435635722324304 15.999999999999998
    vertex 40.568688832215244 8.874975550544482 15.999999999999998
    vertex 48.26965072653859 7.124975550544483 15.999999999999998
  endloop
endfacet
facet normal 0.0 0.0 1.0
  outer loop
    vertex 48.26965072653859 7.124975550544483 15.999999999999998
    vertex 40.568688832215244 8.874975550544482 15.999999999999998
    vertex 48.119800092781645 6.7632041181982645 15.999999999999998
  endloop
endfacet
facet normal 0.0 0.0 1.0
  outer loop
    vertex 48.119800092781645 6.7632041181982645 15.999999999999998
    vertex 40.568688832215244 8.874975550544482 15.999999999999998
    vertex 48.068688832215244 6.374975550544483 15.999999999999998
  endloop
endfacet
facet normal 0.0 0.0 1.0
  outer loop
    vertex 54.568688832215244 8.874975550544484 15.999999999999998
    vertex 49.18046026456146 7.8238642899780855 15.999999999999998
    vertex 49.568688832215244 7.874975550544483 15.999999999999998
  endloop
endfacet
facet normal 0.0 0.0 1.0
  outer loop
    vertex 54.568688832215244 8.874975550544484 15.999999999999998
    vertex 49.568688832215244 7.874975550544483 15.999999999999998
    vertex 49.95691739986903 7.8238642899780855 15.999999999999998
  endloop
endfacet
facet normal 0.0 0.0 1.0
  outer loop
    vertex 54.568688832215244 8.874975550544484 15.999999999999998
    vertex 49.95691739986903 7.8238642899780855 15.999999999999998
    vertex 50.318688832215244 7.67401365622114 15.999999999999998
  endloop
endfacet
facet normal 0.0 0.0 1.0
  outer loop
    vertex 54.568688832215244 8.874975550544484 15.999999999999998
    vertex 50.318688832215244 7.67401365622114 15.999999999999998
    vertex 50.62934900399507 7.435635722324306 15.999999999999998
  endloop
endfacet
facet normal 0.0 0.0 1.0
  outer loop
    vertex 54.568688832215244 8.874975550544484 15.999999999999998
    vertex 50.62934900399507 7.435635722324306 15.999999999999998
    vertex 50.8677269378919 7.124975550544483 15.999999999999998
  endloop
endfacet
facet normal 0.0 0.0 1.0
  outer loop
    vertex 54.568688832215244 8.874975550544484 15.999999999999998
    vertex 50.8677269378919 7.124975550544483 15.999999999999998
    vertex 51.01757757164884 6.763204118198265 15.999999999999998
  endloop
endfacet
facet normal 0.0 0.0 1.0
  outer loop
    vertex 54.568688832215244 8.874975550544484 15.999999999999998
    vertex 51.01757757164884 6.763204118198265 15.999999999999998
    vertex 51.06868883221525 6.374975550544483 15.999999999999998
  endloop
endfacet
facet normal 0.0 0.0 1.0
  outer loop
    vertex 74.56868883221523 3.8749755505444834 15.999999999999998
    vertex 71.56868883221523 8.874975550544484 15.999999999999998
    vertex 71.56868883221523 3.8749755505444834 15.999999999999998
  endloop
endfacet
facet normal 0.0 0.0 1.0
  outer loop
    vertex 71.56868883221523 8.874975550544484 15.999999999999998
    vertex 74.56868883221523 3.8749755505444834 15.999999999999998
    vertex 74.56868883221523 8.874975550544484 15.999999999999998
  endloop
endfacet
facet normal 1.0 0.0 0.0
  outer loop
    vertex 109.56868883221526 8.874975550544484 3.0
    vertex 109.56868883221526 3.8749755505444834 15.999999999999998
    vertex 109.56868883221526 3.8749755505444834 3.0
  endloop
endfacet
facet normal 1.0 0.0 0.0
  outer loop
    vertex 109.56868883221526 3.8749755505444834 15.999999999999998
    vertex 109.56868883221526 8.874975550544484 3.0
    vertex 109.56868883221526 8.874975550544484 15.999999999999998
  endloop
endfacet
facet normal -0.9805806756909202 0.1961161351381837 0.0
  outer loop
    vertex 126.56868883221524 8.874975550544482 15.999999999999998
    vertex 125.56868883221524 3.8749755505444834 3.0
    vertex 125.56868883221524 3.8749755505444834 15.999999999999998
  endloop
endfacet
facet normal -0.9805806756909202 0.1961161351381837 0.0
  outer loop
    vertex 125.56868883221524 3.8749755505444834 3.0
    vertex 126.56868883221524 8.874975550544482 15.999999999999998
    vertex 126.56868883221524 8.874975550544482 3.0
  endloop
endfacet
facet normal 0.0 1.0 0.0
  outer loop
    vertex 71.56868883221523 8.874975550544484 15.999999999999998
    vertex 74.56868883221523 8.874975550544484 3.0
    vertex 71.56868883221523 8.874975550544484 3.0
  endloop
endfacet
facet normal 0.0 1.0 0.0
  outer loop
    vertex 74.56868883221523 8.874975550544484 3.0
    vertex 71.56868883221523 8.874975550544484 15.999999999999998
    vertex 74.56868883221523 8.874975550544484 15.999999999999998
  endloop
endfacet
facet normal 1.0 0.0 0.0
  outer loop
    vertex 74.56868883221523 8.874975550544484 3.0
    vertex 74.56868883221523 3.8749755505444834 15.999999999999998
    vertex 74.56868883221523 3.8749755505444834 3.0
  endloop
endfacet
facet normal 1.0 0.0 0.0
  outer loop
    vertex 74.56868883221523 3.8749755505444834 15.999999999999998
    vertex 74.56868883221523 8.874975550544484 3.0
    vertex 74.56868883221523 8.874975550544484 15.999999999999998
  endloop
endfacet
facet normal -8.788391574111739e-17 1.0 -1.7646756032656737e-17
  outer loop
    vertex 43.17711025555509 8.874975550544482 0.025665415878573947
    vertex 43.313058017999694 8.874975550544482 3.0
    vertex 43.313058017999694 8.874975550544482 0.0
  endloop
endfacet
facet normal -8.788391574111739e-17 1.0 -1.7646756032656737e-17
  outer loop
    vertex 43.313058017999694 8.874975550544482 3.0
    vertex 43.17711025555509 8.874975550544482 0.025665415878573947
    vertex 42.792231696907685 8.874975550544482 0.10222252113279949
  endloop
endfacet
facet normal -8.788391574111739e-17 1.0 -1.7646756032656737e-17
  outer loop
    vertex 43.313058017999694 8.874975550544482 3.0
    vertex 42.792231696907685 8.874975550544482 0.10222252113279949
    vertex 42.42063853511998 8.874975550544482 0.22836140246614348
  endloop
endfacet
facet normal -8.788391574111739e-17 1.0 -1.7646756032656737e-17
  outer loop
    vertex 43.313058017999694 8.874975550544482 3.0
    vertex 42.42063853511998 8.874975550544482 0.22836140246614348
    vertex 42.06868883221525 8.874975550544482 0.4019237886466872
  endloop
endfacet
facet normal -8.788391574111739e-17 1.0 -1.7646756032656737e-17
  outer loop
    vertex 43.313058017999694 8.874975550544482 3.0
    vertex 42.06868883221525 8.874975550544482 0.4019237886466872
    vertex 41.74240454518908 8.874975550544482 0.619939979126297
  endloop
endfacet
facet normal -8.788391574111739e-17 1.0 -1.7646756032656737e-17
  outer loop
    vertex 43.313058017999694 8.874975550544482 3.0
    vertex 41.74240454518908 8.874975550544482 0.619939979126297
    vertex 41.447368488655606 8.874975550544482 0.8786796564403593
  endloop
endfacet
facet normal -8.788391574111739e-17 1.0 -1.7646756032656737e-17
  outer loop
    vertex 43.313058017999694 8.874975550544482 3.0
    vertex 41.447368488655606 8.874975550544482 0.8786796564403593
    vertex 41.18862881134154 8.874975550544482 1.1737157129738398
  endloop
endfacet
facet normal -8.788391574111739e-17 1.0 -1.7646756032656737e-17
  outer loop
    vertex 43.313058017999694 8.874975550544482 3.0
    vertex 41.18862881134154 8.874975550544482 1.1737157129738398
    vertex 40.97061262086193 8.874975550544482 1.5000000000000013
  endloop
endfacet
facet normal -8.788391574111739e-17 1.0 -1.7646756032656737e-17
  outer loop
    vertex 43.313058017999694 8.874975550544482 3.0
    vertex 40.97061262086193 8.874975550544482 1.5000000000000013
    vertex 40.797050234681386 8.874975550544482 1.8519497029047318
  endloop
endfacet
facet normal -8.788391574111739e-17 1.0 -1.7646756032656737e-17
  outer loop
    vertex 43.313058017999694 8.874975550544482 3.0
    vertex 40.797050234681386 8.874975550544482 1.8519497029047318
    vertex 40.67091135334804 8.874975550544482 2.2235428646924382
  endloop
endfacet
facet normal -8.788391574111739e-17 1.0 -1.7646756032656737e-17
  outer loop
    vertex 43.313058017999694 8.874975550544482 3.0
    vertex 40.67091135334804 8.874975550544482 2.2235428646924382
    vertex 40.594354248093815 8.874975550544482 2.6084214233398457
  endloop
endfacet
facet normal -8.788391574111739e-17 1.0 -1.7646756032656737e-17
  outer loop
    vertex 43.313058017999694 8.874975550544482 3.0
    vertex 40.594354248093815 8.874975550544482 2.6084214233398457
    vertex 40.568688832215244 8.874975550544482 3.0
  endloop
endfacet
facet normal -8.788391574111739e-17 1.0 -1.7646756032656737e-17
  outer loop
    vertex 43.313058017999694 8.874975550544482 3.0
    vertex 40.568688832215244 8.874975550544482 3.0
    vertex 40.568688832215244 8.874975550544482 15.999999999999998
  endloop
endfacet
facet normal -8.788391574111739e-17 1.0 -1.7646756032656737e-17
  outer loop
    vertex 43.313058017999694 8.874975550544482 3.0
    vertex 40.568688832215244 8.874975550544482 15.999999999999998
    vertex 49.8243196464308 8.874975550544482 3.0
  endloop
endfacet
facet normal -8.788391574111739e-17 1.0 -1.7646756032656737e-17
  outer loop
    vertex 49.8243196464308 8.874975550544482 3.0
    vertex 40.568688832215244 8.874975550544482 15.999999999999998
    vertex 54.568688832215244 8.874975550544484 3.0
  endloop
endfacet
facet normal -8.788391574111739e-17 1.0 -1.7646756032656737e-17
  outer loop
    vertex 54.568688832215244 8.874975550544484 3.0
    vertex 40.568688832215244 8.874975550544482 15.999999999999998
    vertex 54.568688832215244 8.874975550544484 15.999999999999998
  endloop
endfacet
facet normal -1.0 -0.0 -0.0
  outer loop
    vertex 71.56868883221523 8.874975550544484 15.999999999999998
    vertex 71.56868883221523 3.8749755505444834 3.0
    vertex 71.56868883221523 3.8749755505444834 15.999999999999998
  endloop
endfacet
facet normal -1.0 -0.0 -0.0
  outer loop
    vertex 71.56868883221523 3.8749755505444834 3.0
    vertex 71.56868883221523 8.874975550544484 15.999999999999998
    vertex 71.56868883221523 8.874975550544484 3.0
  endloop
endfacet
facet normal 0.0 0.0 1.0
  outer loop
    vertex 109.56868883221526 3.8749755505444834 15.999999999999998
    vertex 106.56868883221526 8.874975550544484 15.999999999999998
    vertex 106.56868883221526 3.8749755505444834 15.999999999999998
  endloop
endfacet
facet normal 0.0 0.0 1.0
  outer loop
    vertex 106.56868883221526 8.874975550544484 15.999999999999998
    vertex 109.56868883221526 3.8749755505444834 15.999999999999998
    vertex 109.56868883221526 8.874975550544484 15.999999999999998
  endloop
endfacet
facet normal 1.2606740579264948e-33 -3.132288928632978e-32 1.0
  outer loop
    vertex 54.568688832215244 8.874975550544484 3.0
    vertex 50.81132951933453 9.632334863425198 3.0
    vertex 49.8243196464308 8.874975550544482 3.0
  endloop
endfacet
facet normal 1.2606740579264948e-33 -3.132288928632978e-32 1.0
  outer loop
    vertex 50.81132951933453 9.632334863425198 3.0
    vertex 54.568688832215244 8.874975550544484 3.0
    vertex 51.76484125492188 10.874975550544484 3.0
  endloop
endfacet
facet normal 1.2606740579264948e-33 -3.132288928632978e-32 1.0
  outer loop
    vertex 51.76484125492188 10.874975550544484 3.0
    vertex 54.568688832215244 8.874975550544484 3.0
    vertex 52.364243789949654 12.32206127992936 3.0
  endloop
endfacet
facet normal 1.2606740579264948e-33 -3.132288928632978e-32 1.0
  outer loop
    vertex 52.364243789949654 12.32206127992936 3.0
    vertex 54.568688832215244 8.874975550544484 3.0
    vertex 52.568688832215244 13.874975550544482 3.0
  endloop
endfacet
facet normal 1.2606740579264948e-33 -3.132288928632978e-32 1.0
  outer loop
    vertex 52.568688832215244 13.874975550544482 3.0
    vertex 54.568688832215244 8.874975550544484 3.0
    vertex 52.568688832215244 38.87497555054448 3.0
  endloop
endfacet
facet normal 1.2606740579264948e-33 -3.132288928632978e-32 1.0
  outer loop
    vertex 106.56868883221526 3.8749755505444834 3.0
    vertex 74.56868883221523 8.874975550544484 3.0
    vertex 74.56868883221523 3.8749755505444834 3.0
  endloop
endfacet
facet normal 1.2606740579264948e-33 -3.132288928632978e-32 1.0
  outer loop
    vertex 126.56868883221524 8.874975550544482 3.0
    vertex 128.77313387448086 12.32206127992936 3.0
    vertex 128.56868883221526 13.874975550544482 3.0
  endloop
endfacet
facet normal 1.2606740579264948e-33 -3.132288928632978e-32 1.0
  outer loop
    vertex 128.77313387448086 12.32206127992936 3.0
    vertex 126.56868883221524 8.874975550544482 3.0
    vertex 129.37253640950863 10.874975550544484 3.0
  endloop
endfacet
facet normal 1.2606740579264948e-33 -3.132288928632978e-32 1.0
  outer loop
    vertex 129.37253640950863 10.874975550544484 3.0
    vertex 126.56868883221524 8.874975550544482 3.0
    vertex 130.32604814509597 9.632334863425205 3.0
  endloop
endfacet
facet normal 1.2606740579264948e-33 -3.132288928632978e-32 1.0
  outer loop
    vertex 130.32604814509597 9.632334863425205 3.0
    vertex 126.56868883221524 8.874975550544482 3.0
    vertex 131.3130580179997 8.874975550544482 3.0
  endloop
endfacet
facet normal 1.2606740579264948e-33 -3.132288928632978e-32 1.0
  outer loop
    vertex 128.77313387448083 15.427889821159601 3.0
    vertex 128.56868883221526 38.87497555054448 3.0
    vertex 128.56868883221526 13.874975550544482 3.0
  endloop
endfacet
facet normal 1.2606740579264948e-33 -3.132288928632978e-32 1.0
  outer loop
    vertex 128.56868883221526 38.87497555054448 3.0
    vertex 128.77313387448083 15.427889821159601 3.0
    vertex 128.77313387448086 37.32206127992935 3.0
  endloop
endfacet
facet normal 1.2606740579264948e-33 -3.132288928632978e-32 1.0
  outer loop
    vertex 128.77313387448086 37.32206127992935 3.0
    vertex 128.77313387448083 15.427889821159601 3.0
    vertex 129.37253640950863 16.874975550544473 3.0
  endloop
endfacet
facet normal 1.2606740579264948e-33 -3.132288928632978e-32 1.0
  outer loop
    vertex 128.77313387448086 37.32206127992935 3.0
    vertex 129.37253640950863 16.874975550544473 3.0
    vertex 129.37253640950863 35.874975550544484 3.0
  endloop
endfacet
facet normal 1.2606740579264948e-33 -3.132288928632978e-32 1.0
  outer loop
    vertex 129.37253640950863 35.874975550544484 3.0
    vertex 129.37253640950863 16.874975550544473 3.0
    vertex 130.32604814509597 18.117616237663757 3.0
  endloop
endfacet
facet normal 1.2606740579264948e-33 -3.132288928632978e-32 1.0
  outer loop
    vertex 129.37253640950863 35.874975550544484 3.0
    vertex 130.32604814509597 18.117616237663757 3.0
    vertex 130.32604814509597 34.6323348634252 3.0
  endloop
endfacet
facet normal 1.2606740579264948e-33 -3.132288928632978e-32 1.0
  outer loop
    vertex 130.32604814509597 34.6323348634252 3.0
    vertex 130.32604814509597 18.117616237663757 3.0
    vertex 131.56868883221526 19.0711279732511 3.0
  endloop
endfacet
facet normal 1.2606740579264948e-33 -3.132288928632978e-32 1.0
  outer loop
    vertex 130.32604814509597 34.6323348634252 3.0
    vertex 131.56868883221526 19.0711279732511 3.0
    vertex 131.56868883221526 33.67882312783785 3.0
  endloop
endfacet
facet normal 1.2606740579264948e-33 -3.132288928632978e-32 1.0
  outer loop
    vertex 131.56868883221526 33.67882312783785 3.0
    vertex 131.56868883221526 19.0711279732511 3.0
    vertex 133.01577456160013 19.67053050827888 3.0
  endloop
endfacet
facet normal 1.2606740579264948e-33 -3.132288928632978e-32 1.0
  outer loop
    vertex 131.56868883221526 33.67882312783785 3.0
    vertex 133.01577456160013 19.67053050827888 3.0
    vertex 133.01577456160015 33.079420592810074 3.0
  endloop
endfacet
facet normal 1.2606740579264948e-33 -3.132288928632978e-32 1.0
  outer loop
    vertex 133.01577456160015 33.079420592810074 3.0
    vertex 133.01577456160013 19.67053050827888 3.0
    vertex 134.56868883221526 19.87497555054447 3.0
  endloop
endfacet
facet normal 1.2606740579264948e-33 -3.132288928632978e-32 1.0
  outer loop
    vertex 133.01577456160015 33.079420592810074 3.0
    vertex 134.56868883221526 19.87497555054447 3.0
    vertex 134.56868883221526 32.874975550544484 3.0
  endloop
endfacet
facet normal 1.2606740579264948e-33 -3.132288928632978e-32 1.0
  outer loop
    vertex 134.56868883221526 32.874975550544484 3.0
    vertex 134.56868883221526 19.87497555054447 3.0
    vertex 140.56868883221523 19.874975550544484 3.0
  endloop
endfacet
facet normal 1.2606740579264948e-33 -3.132288928632978e-32 1.0
  outer loop
    vertex 134.56868883221526 32.874975550544484 3.0
    vertex 140.56868883221523 19.874975550544484 3.0
    vertex 140.56868883221523 32.87497555054448 3.0
  endloop
endfacet
facet normal 1.2606740579264948e-33 -3.132288928632978e-32 1.0
  outer loop
    vertex 125.56868883221524 3.8749755505444834 3.0
    vertex 109.56868883221526 8.874975550544484 3.0
    vertex 109.56868883221526 3.8749755505444834 3.0
  endloop
endfacet
facet normal 1.2606740579264948e-33 -3.132288928632978e-32 1.0
  outer loop
    vertex 109.56868883221526 8.874975550544484 3.0
    vertex 125.56868883221524 3.8749755505444834 3.0
    vertex 118.56868883221524 75.87497555054449 3.0
  endloop
endfacet
facet normal 1.2606740579264948e-33 -3.132288928632978e-32 1.0
  outer loop
    vertex 118.56868883221524 75.87497555054449 3.0
    vertex 125.56868883221524 3.8749755505444834 3.0
    vertex 128.56868883221526 38.87497555054448 3.0
  endloop
endfacet
facet normal 1.2606740579264948e-33 -3.132288928632978e-32 1.0
  outer loop
    vertex 118.56868883221524 75.87497555054449 3.0
    vertex 128.56868883221526 38.87497555054448 3.0
    vertex 128.77313387448083 40.427889821159596 3.0
  endloop
endfacet
facet normal 1.2606740579264948e-33 -3.132288928632978e-32 1.0
  outer loop
    vertex 118.56868883221524 75.87497555054449 3.0
    vertex 128.77313387448083 40.427889821159596 3.0
    vertex 134.56868883221526 75.87497555054448 3.0
  endloop
endfacet
facet normal 1.2606740579264948e-33 -3.132288928632978e-32 1.0
  outer loop
    vertex 128.56868883221526 38.87497555054448 3.0
    vertex 125.56868883221524 3.8749755505444834 3.0
    vertex 126.56868883221524 8.874975550544482 3.0
  endloop
endfacet
facet normal 1.2606740579264948e-33 -3.132288928632978e-32 1.0
  outer loop
    vertex 128.56868883221526 38.87497555054448 3.0
    vertex 126.56868883221524 8.874975550544482 3.0
    vertex 128.56868883221526 13.874975550544482 3.0
  endloop
endfacet
facet normal 1.2606740579264948e-33 -3.132288928632978e-32 1.0
  outer loop
    vertex 134.56868883221526 75.87497555054448 3.0
    vertex 128.77313387448083 40.427889821159596 3.0
    vertex 129.37253640950863 41.87497555054447 3.0
  endloop
endfacet
facet normal 1.2606740579264948e-33 -3.132288928632978e-32 1.0
  outer loop
    vertex 134.56868883221526 75.87497555054448 3.0
    vertex 129.37253640950863 41.87497555054447 3.0
    vertex 130.32604814509597 43.117616237663746 3.0
  endloop
endfacet
facet normal 1.2606740579264948e-33 -3.132288928632978e-32 1.0
  outer loop
    vertex 134.56868883221526 75.87497555054448 3.0
    vertex 130.32604814509597 43.117616237663746 3.0
    vertex 131.56868883221526 44.0711279732511 3.0
  endloop
endfacet
facet normal 1.2606740579264948e-33 -3.132288928632978e-32 1.0
  outer loop
    vertex 134.56868883221526 75.87497555054448 3.0
    vertex 131.56868883221526 44.0711279732511 3.0
    vertex 133.01577456160013 44.67053050827887 3.0
  endloop
endfacet
facet normal 1.2606740579264948e-33 -3.132288928632978e-32 1.0
  outer loop
    vertex 134.56868883221526 75.87497555054448 3.0
    vertex 133.01577456160013 44.67053050827887 3.0
    vertex 134.56868883221526 44.87497555054446 3.0
  endloop
endfacet
facet normal 1.2606740579264948e-33 -3.132288928632978e-32 1.0
  outer loop
    vertex 48.12160310283037 44.67053050827889 3.0
    vertex 46.568688832215244 75.87497555054449 3.0
    vertex 46.568688832215244 44.87497555054448 3.0
  endloop
endfacet
facet normal 1.2606740579264948e-33 -3.132288928632978e-32 1.0
  outer loop
    vertex 46.568688832215244 75.87497555054449 3.0
    vertex 48.12160310283037 44.67053050827889 3.0
    vertex 62.56868883221525 75.87497555054449 3.0
  endloop
endfacet
facet normal 1.2606740579264948e-33 -3.132288928632978e-32 1.0
  outer loop
    vertex 62.56868883221525 75.87497555054449 3.0
    vertex 48.12160310283037 44.67053050827889 3.0
    vertex 49.568688832215244 44.07112797325111 3.0
  endloop
endfacet
facet normal 1.2606740579264948e-33 -3.132288928632978e-32 1.0
  outer loop
    vertex 62.56868883221525 75.87497555054449 3.0
    vertex 49.568688832215244 44.07112797325111 3.0
    vertex 50.81132951933453 43.11761623766376 3.0
  endloop
endfacet
facet normal 1.2606740579264948e-33 -3.132288928632978e-32 1.0
  outer loop
    vertex 62.56868883221525 75.87497555054449 3.0
    vertex 50.81132951933453 43.11761623766376 3.0
    vertex 51.76484125492188 41.87497555054448 3.0
  endloop
endfacet
facet normal 1.2606740579264948e-33 -3.132288928632978e-32 1.0
  outer loop
    vertex 62.56868883221525 75.87497555054449 3.0
    vertex 51.76484125492188 41.87497555054448 3.0
    vertex 52.364243789949654 40.4278898211596 3.0
  endloop
endfacet
facet normal 1.2606740579264948e-33 -3.132288928632978e-32 1.0
  outer loop
    vertex 62.56868883221525 75.87497555054449 3.0
    vertex 52.364243789949654 40.4278898211596 3.0
    vertex 52.568688832215244 38.87497555054448 3.0
  endloop
endfacet
facet normal 1.2606740579264948e-33 -3.132288928632978e-32 1.0
  outer loop
    vertex 62.56868883221525 75.87497555054449 3.0
    vertex 52.568688832215244 38.87497555054448 3.0
    vertex 54.568688832215244 8.874975550544484 3.0
  endloop
endfacet
facet normal 1.2606740579264948e-33 -3.132288928632978e-32 1.0
  outer loop
    vertex 62.56868883221525 75.87497555054449 3.0
    vertex 54.568688832215244 8.874975550544484 3.0
    vertex 55.568688832215244 3.8749755505444834 3.0
  endloop
endfacet
facet normal 1.2606740579264948e-33 -3.132288928632978e-32 1.0
  outer loop
    vertex 62.56868883221525 75.87497555054449 3.0
    vertex 55.568688832215244 3.8749755505444834 3.0
    vertex 71.56868883221523 3.8749755505444834 3.0
  endloop
endfacet
facet normal 1.2606740579264948e-33 -3.132288928632978e-32 1.0
  outer loop
    vertex 62.56868883221525 75.87497555054449 3.0
    vertex 71.56868883221523 3.8749755505444834 3.0
    vertex 71.56868883221523 8.874975550544484 3.0
  endloop
endfacet
facet normal 1.2606740579264948e-33 -3.132288928632978e-32 1.0
  outer loop
    vertex 62.56868883221525 75.87497555054449 3.0
    vertex 71.56868883221523 8.874975550544484 3.0
    vertex 118.56868883221524 75.87497555054449 3.0
  endloop
endfacet
facet normal 1.2606740579264948e-33 -3.132288928632978e-32 1.0
  outer loop
    vertex 118.56868883221524 75.87497555054449 3.0
    vertex 71.56868883221523 8.874975550544484 3.0
    vertex 74.56868883221523 8.874975550544484 3.0
  endloop
endfacet
facet normal 1.2606740579264948e-33 -3.132288928632978e-32 1.0
  outer loop
    vertex 118.56868883221524 75.87497555054449 3.0
    vertex 74.56868883221523 8.874975550544484 3.0
    vertex 106.56868883221526 8.874975550544484 3.0
  endloop
endfacet
facet normal 1.2606740579264948e-33 -3.132288928632978e-32 1.0
  outer loop
    vertex 106.56868883221526 8.874975550544484 3.0
    vertex 74.56868883221523 8.874975550544484 3.0
    vertex 106.56868883221526 3.8749755505444834 3.0
  endloop
endfacet
facet normal 1.2606740579264948e-33 -3.132288928632978e-32 1.0
  outer loop
    vertex 118.56868883221524 75.87497555054449 3.0
    vertex 106.56868883221526 8.874975550544484 3.0
    vertex 109.56868883221526 8.874975550544484 3.0
  endloop
endfacet
facet normal 1.2606740579264948e-33 -3.132288928632978e-32 1.0
  outer loop
    vertex 46.568688832215244 19.874975550544484 3.0
    vertex 40.568688832215244 32.87497555054448 3.0
    vertex 40.568688832215244 19.874975550544484 3.0
  endloop
endfacet
facet normal 1.2606740579264948e-33 -3.132288928632978e-32 1.0
  outer loop
    vertex 40.568688832215244 32.87497555054448 3.0
    vertex 46.568688832215244 19.874975550544484 3.0
    vertex 46.568688832215244 32.87497555054448 3.0
  endloop
endfacet
facet normal 1.2606740579264948e-33 -3.132288928632978e-32 1.0
  outer loop
    vertex 46.568688832215244 32.87497555054448 3.0
    vertex 46.568688832215244 19.874975550544484 3.0
    vertex 48.12160310283037 19.67053050827889 3.0
  endloop
endfacet
facet normal 1.2606740579264948e-33 -3.132288928632978e-32 1.0
  outer loop
    vertex 46.568688832215244 32.87497555054448 3.0
    vertex 48.12160310283037 19.67053050827889 3.0
    vertex 48.12160310283038 33.07942059281007 3.0
  endloop
endfacet
facet normal 1.2606740579264948e-33 -3.132288928632978e-32 1.0
  outer loop
    vertex 48.12160310283038 33.07942059281007 3.0
    vertex 48.12160310283037 19.67053050827889 3.0
    vertex 49.568688832215244 19.071127973251116 3.0
  endloop
endfacet
facet normal 1.2606740579264948e-33 -3.132288928632978e-32 1.0
  outer loop
    vertex 48.12160310283038 33.07942059281007 3.0
    vertex 49.568688832215244 19.071127973251116 3.0
    vertex 49.568688832215244 33.678823127837845 3.0
  endloop
endfacet
facet normal 1.2606740579264948e-33 -3.132288928632978e-32 1.0
  outer loop
    vertex 49.568688832215244 33.678823127837845 3.0
    vertex 49.568688832215244 19.071127973251116 3.0
    vertex 50.81132951933453 18.117616237663768 3.0
  endloop
endfacet
facet normal 1.2606740579264948e-33 -3.132288928632978e-32 1.0
  outer loop
    vertex 49.568688832215244 33.678823127837845 3.0
    vertex 50.81132951933453 18.117616237663768 3.0
    vertex 50.81132951933453 34.63233486342519 3.0
  endloop
endfacet
facet normal 1.2606740579264948e-33 -3.132288928632978e-32 1.0
  outer loop
    vertex 50.81132951933453 34.63233486342519 3.0
    vertex 50.81132951933453 18.117616237663768 3.0
    vertex 51.76484125492188 16.874975550544484 3.0
  endloop
endfacet
facet normal 1.2606740579264948e-33 -3.132288928632978e-32 1.0
  outer loop
    vertex 50.81132951933453 34.63233486342519 3.0
    vertex 51.76484125492188 16.874975550544484 3.0
    vertex 51.76484125492188 35.87497555054448 3.0
  endloop
endfacet
facet normal 1.2606740579264948e-33 -3.132288928632978e-32 1.0
  outer loop
    vertex 51.76484125492188 35.87497555054448 3.0
    vertex 51.76484125492188 16.874975550544484 3.0
    vertex 52.364243789949654 15.427889821159606 3.0
  endloop
endfacet
facet normal 1.2606740579264948e-33 -3.132288928632978e-32 1.0
  outer loop
    vertex 51.76484125492188 35.87497555054448 3.0
    vertex 52.364243789949654 15.427889821159606 3.0
    vertex 52.364243789949654 37.32206127992936 3.0
  endloop
endfacet
facet normal 1.2606740579264948e-33 -3.132288928632978e-32 1.0
  outer loop
    vertex 52.364243789949654 37.32206127992936 3.0
    vertex 52.364243789949654 15.427889821159606 3.0
    vertex 52.568688832215244 13.874975550544482 3.0
  endloop
endfacet
facet normal 1.2606740579264948e-33 -3.132288928632978e-32 1.0
  outer loop
    vertex 52.364243789949654 37.32206127992936 3.0
    vertex 52.568688832215244 13.874975550544482 3.0
    vertex 52.568688832215244 38.87497555054448 3.0
  endloop
endfacet
facet normal 0.0 0.0 1.0
  outer loop
    vertex 140.56868883221523 44.87497555054448 3.0
    vertex 134.56868883221526 75.87497555054448 3.0
    vertex 134.56868883221526 44.87497555054446 3.0
  endloop
endfacet
facet normal 0.0 0.0 1.0
  outer loop
    vertex 134.56868883221526 75.87497555054448 3.0
    vertex 140.56868883221523 44.87497555054448 3.0
    vertex 140.56868883221523 75.87497555054449 3.0
  endloop
endfacet
facet normal 0.0 0.0 1.0
  outer loop
    vertex 43.56868883221525 8.678823127837846 3.0
    vertex 49.8243196464308 8.874975550544482 3.0
    vertex 43.313058017999694 8.874975550544482 3.0
  endloop
endfacet
facet normal 0.0 0.0 1.0
  outer loop
    vertex 49.8243196464308 8.874975550544482 3.0
    vertex 43.56868883221525 8.678823127837846 3.0
    vertex 45.015774561600125 8.079420592810072 3.0
  endloop
endfacet
facet normal 0.0 0.0 1.0
  outer loop
    vertex 49.8243196464308 8.874975550544482 3.0
    vertex 45.015774561600125 8.079420592810072 3.0
    vertex 46.568688832215244 7.874975550544482 3.0
  endloop
endfacet
facet normal 0.0 0.0 1.0
  outer loop
    vertex 49.8243196464308 8.874975550544482 3.0
    vertex 46.568688832215244 7.874975550544482 3.0
    vertex 48.12160310283038 8.079420592810072 3.0
  endloop
endfacet
facet normal 0.0 0.0 1.0
  outer loop
    vertex 49.8243196464308 8.874975550544482 3.0
    vertex 48.12160310283038 8.079420592810072 3.0
    vertex 49.568688832215244 8.678823127837852 3.0
  endloop
endfacet
facet normal -0.38268343236509256 0.9238795325112856 0.0
  outer loop
    vertex 48.12160310283038 33.07942059281007 3.0
    vertex 49.568688832215244 33.678823127837845 0.0
    vertex 48.12160310283038 33.07942059281007 0.0
  endloop
endfacet
facet normal -0.38268343236509256 0.9238795325112856 0.0
  outer loop
    vertex 49.568688832215244 33.678823127837845 0.0
    vertex 48.12160310283038 33.07942059281007 3.0
    vertex 49.568688832215244 33.678823127837845 3.0
  endloop
endfacet
facet normal -0.6087614290087202 0.7933533402912355 0.0
  outer loop
    vertex 49.568688832215244 33.678823127837845 3.0
    vertex 50.81132951933453 34.63233486342519 0.0
    vertex 49.568688832215244 33.678823127837845 0.0
  endloop
endfacet
facet normal -0.6087614290087202 0.7933533402912355 0.0
  outer loop
    vertex 50.81132951933453 34.63233486342519 0.0
    vertex 49.568688832215244 33.678823127837845 3.0
    vertex 50.81132951933453 34.63233486342519 3.0
  endloop
endfacet
facet normal -0.7933533402912337 0.6087614290087224 0.0
  outer loop
    vertex 51.76484125492188 35.87497555054448 3.0
    vertex 50.81132951933453 34.63233486342519 0.0
    vertex 50.81132951933453 34.63233486342519 3.0
  endloop
endfacet
facet normal -0.7933533402912337 0.6087614290087224 0.0
  outer loop
    vertex 50.81132951933453 34.63233486342519 0.0
    vertex 51.76484125492188 35.87497555054448 3.0
    vertex 51.76484125492188 35.87497555054448 0.0
  endloop
endfacet
facet normal -0.923879532511288 0.38268343236508695 0.0
  outer loop
    vertex 52.364243789949654 37.32206127992936 3.0
    vertex 51.76484125492188 35.87497555054448 0.0
    vertex 51.76484125492188 35.87497555054448 3.0
  endloop
endfacet
facet normal -0.923879532511288 0.38268343236508695 0.0
  outer loop
    vertex 51.76484125492188 35.87497555054448 0.0
    vertex 52.364243789949654 37.32206127992936 3.0
    vertex 52.364243789949654 37.32206127992936 0.0
  endloop
endfacet
facet normal -0.9914448613738104 0.1305261922200519 0.0
  outer loop
    vertex 52.568688832215244 13.874975550544482 3.0
    vertex 52.364243789949654 12.32206127992936 0.0
    vertex 52.364243789949654 12.32206127992936 3.0
  endloop
endfacet
facet normal -0.9914448613738104 0.1305261922200519 0.0
  outer loop
    vertex 52.364243789949654 12.32206127992936 0.0
    vertex 52.568688832215244 13.874975550544482 3.0
    vertex 52.568688832215244 13.874975550544482 0.0
  endloop
endfacet
facet normal -0.9914448613738104 0.13052619222005216 0.0
  outer loop
    vertex 52.568688832215244 38.87497555054448 3.0
    vertex 52.364243789949654 37.32206127992936 0.0
    vertex 52.364243789949654 37.32206127992936 3.0
  endloop
endfacet
facet normal -0.9914448613738104 0.13052619222005216 0.0
  outer loop
    vertex 52.364243789949654 37.32206127992936 0.0
    vertex 52.568688832215244 38.87497555054448 3.0
    vertex 52.568688832215244 38.87497555054448 0.0
  endloop
endfacet
facet normal -0.3826834323650898 -0.9238795325112867 -0.0
  outer loop
    vertex 49.568688832215244 19.071127973251116 3.0
    vertex 48.12160310283037 19.67053050827889 0.0
    vertex 49.568688832215244 19.071127973251116 0.0
  endloop
endfacet
facet normal -0.3826834323650898 -0.9238795325112867 -0.0
  outer loop
    vertex 48.12160310283037 19.67053050827889 0.0
    vertex 49.568688832215244 19.071127973251116 3.0
    vertex 48.12160310283037 19.67053050827889 3.0
  endloop
endfacet
facet normal -0.9238795325112877 -0.3826834323650876 -0.0
  outer loop
    vertex 51.76484125492188 16.874975550544484 3.0
    vertex 52.364243789949654 15.427889821159606 0.0
    vertex 52.364243789949654 15.427889821159606 3.0
  endloop
endfacet
facet normal -0.9238795325112877 -0.3826834323650876 -0.0
  outer loop
    vertex 52.364243789949654 15.427889821159606 0.0
    vertex 51.76484125492188 16.874975550544484 3.0
    vertex 51.76484125492188 16.874975550544484 0.0
  endloop
endfacet
facet normal -0.13052619222005168 -0.9914448613738105 -0.0
  outer loop
    vertex 48.12160310283037 19.67053050827889 3.0
    vertex 46.568688832215244 19.874975550544484 0.0
    vertex 48.12160310283037 19.67053050827889 0.0
  endloop
endfacet
facet normal -0.13052619222005168 -0.9914448613738105 -0.0
  outer loop
    vertex 46.568688832215244 19.874975550544484 0.0
    vertex 48.12160310283037 19.67053050827889 3.0
    vertex 46.568688832215244 19.874975550544484 3.0
  endloop
endfacet
facet normal 0.0 1.0 0.0
  outer loop
    vertex 43.313058017999694 8.874975550544482 3.0
    vertex 43.568688832215244 8.874975550544482 5.639932965095795e-15
    vertex 43.313058017999694 8.874975550544482 0.0
  endloop
endfacet
facet normal 0.0 1.0 0.0
  outer loop
    vertex 43.568688832215244 8.874975550544482 5.639932965095795e-15
    vertex 49.8243196464308 8.874975550544482 3.0
    vertex 49.8243196464308 8.874975550544482 0.0
  endloop
endfacet
facet normal 0.0 1.0 0.0
  outer loop
    vertex 49.8243196464308 8.874975550544482 3.0
    vertex 43.568688832215244 8.874975550544482 5.639932965095795e-15
    vertex 43.313058017999694 8.874975550544482 3.0
  endloop
endfacet
facet normal -0.7933533402912332 -0.6087614290087233 -0.0
  outer loop
    vertex 50.81132951933453 18.117616237663768 3.0
    vertex 51.76484125492188 16.874975550544484 0.0
    vertex 51.76484125492188 16.874975550544484 3.0
  endloop
endfacet
facet normal -0.7933533402912332 -0.6087614290087233 -0.0
  outer loop
    vertex 51.76484125492188 16.874975550544484 0.0
    vertex 50.81132951933453 18.117616237663768 3.0
    vertex 50.81132951933453 18.117616237663768 0.0
  endloop
endfacet
facet normal -0.13052619222005124 0.9914448613738106 0.0
  outer loop
    vertex 46.568688832215244 32.87497555054448 3.0
    vertex 48.12160310283038 33.07942059281007 0.0
    vertex 46.568688832215244 32.87497555054448 0.0
  endloop
endfacet
facet normal -0.13052619222005124 0.9914448613738106 0.0
  outer loop
    vertex 48.12160310283038 33.07942059281007 0.0
    vertex 46.568688832215244 32.87497555054448 3.0
    vertex 48.12160310283038 33.07942059281007 3.0
  endloop
endfacet
facet normal -0.6087614290087213 -0.7933533402912346 -0.0
  outer loop
    vertex 50.81132951933453 18.117616237663768 3.0
    vertex 49.568688832215244 19.071127973251116 0.0
    vertex 50.81132951933453 18.117616237663768 0.0
  endloop
endfacet
facet normal -0.6087614290087213 -0.7933533402912346 -0.0
  outer loop
    vertex 49.568688832215244 19.071127973251116 0.0
    vertex 50.81132951933453 18.117616237663768 3.0
    vertex 49.568688832215244 19.071127973251116 3.0
  endloop
endfacet
facet normal -1.0 0.0 0.0
  outer loop
    vertex 40.568688832215244 8.874975550544482 15.999999999999998
    vertex 40.568688832215244 3.8749755505444834 3.0
    vertex 40.568688832215244 3.8749755505444834 15.999999999999998
  endloop
endfacet
facet normal -1.0 0.0 0.0
  outer loop
    vertex 40.568688832215244 3.8749755505444834 3.0
    vertex 40.568688832215244 8.874975550544482 15.999999999999998
    vertex 40.568688832215244 8.874975550544482 3.0
  endloop
endfacet
facet normal -0.7933533402912337 0.6087614290087224 0.0
  outer loop
    vertex 51.76484125492188 10.874975550544484 3.0
    vertex 50.81132951933453 9.632334863425198 0.0
    vertex 50.81132951933453 9.632334863425198 3.0
  endloop
endfacet
facet normal -0.7933533402912337 0.6087614290087224 0.0
  outer loop
    vertex 50.81132951933453 9.632334863425198 0.0
    vertex 51.76484125492188 10.874975550544484 3.0
    vertex 51.76484125492188 10.874975550544484 0.0
  endloop
endfacet
facet normal -0.9238795325112875 0.3826834323650879 0.0
  outer loop
    vertex 52.364243789949654 12.32206127992936 3.0
    vertex 51.76484125492188 10.874975550544484 0.0
    vertex 51.76484125492188 10.874975550544484 3.0
  endloop
endfacet
facet normal -0.9238795325112875 0.3826834323650879 0.0
  outer loop
    vertex 51.76484125492188 10.874975550544484 0.0
    vertex 52.364243789949654 12.32206127992936 3.0
    vertex 52.364243789949654 12.32206127992936 0.0
  endloop
endfacet
facet normal 0.0 -1.0 0.0
  outer loop
    vertex 46.568688832215244 19.874975550544484 3.0
    vertex 43.568688832215244 19.874975550544484 3.524958103184872e-16
    vertex 46.568688832215244 19.874975550544484 0.0
  endloop
endfacet
facet normal 0.0 -1.0 0.0
  outer loop
    vertex 43.568688832215244 19.874975550544484 3.524958103184872e-16
    vertex 46.568688832215244 19.874975550544484 3.0
    vertex 43.17711025555509 19.874975550544484 0.025665415878569364
  endloop
endfacet
facet normal 0.0 -1.0 0.0
  outer loop
    vertex 43.17711025555509 19.874975550544484 0.025665415878569364
    vertex 46.568688832215244 19.874975550544484 3.0
    vertex 42.792231696907685 19.874975550544484 0.1022225211327956
  endloop
endfacet
facet normal 0.0 -1.0 0.0
  outer loop
    vertex 42.792231696907685 19.874975550544484 0.1022225211327956
    vertex 46.568688832215244 19.874975550544484 3.0
    vertex 42.42063853511998 19.874975550544484 0.2283614024661403
  endloop
endfacet
facet normal 0.0 -1.0 0.0
  outer loop
    vertex 42.42063853511998 19.874975550544484 0.2283614024661403
    vertex 46.568688832215244 19.874975550544484 3.0
    vertex 42.068688832215244 19.874975550544484 0.4019237886466844
  endloop
endfacet
facet normal 0.0 -1.0 0.0
  outer loop
    vertex 42.068688832215244 19.874975550544484 0.4019237886466844
    vertex 46.568688832215244 19.874975550544484 3.0
    vertex 41.74240454518908 19.874975550544484 0.6199399791262945
  endloop
endfacet
facet normal 0.0 -1.0 0.0
  outer loop
    vertex 41.74240454518908 19.874975550544484 0.6199399791262945
    vertex 46.568688832215244 19.874975550544484 3.0
    vertex 41.447368488655606 19.874975550544484 0.878679656440358
  endloop
endfacet
facet normal 0.0 -1.0 0.0
  outer loop
    vertex 41.447368488655606 19.874975550544484 0.878679656440358
    vertex 46.568688832215244 19.874975550544484 3.0
    vertex 41.18862881134154 19.874975550544484 1.173715712973838
  endloop
endfacet
facet normal 0.0 -1.0 0.0
  outer loop
    vertex 41.18862881134154 19.874975550544484 1.173715712973838
    vertex 46.568688832215244 19.874975550544484 3.0
    vertex 40.97061262086193 19.874975550544484 1.5000000000000002
  endloop
endfacet
facet normal 0.0 -1.0 0.0
  outer loop
    vertex 40.97061262086193 19.874975550544484 1.5000000000000002
    vertex 46.568688832215244 19.874975550544484 3.0
    vertex 40.797050234681386 19.874975550544484 1.851949702904731
  endloop
endfacet
facet normal 0.0 -1.0 0.0
  outer loop
    vertex 40.797050234681386 19.874975550544484 1.851949702904731
    vertex 46.568688832215244 19.874975550544484 3.0
    vertex 40.67091135334804 19.874975550544484 2.223542864692438
  endloop
endfacet
facet normal 0.0 -1.0 0.0
  outer loop
    vertex 40.67091135334804 19.874975550544484 2.223542864692438
    vertex 46.568688832215244 19.874975550544484 3.0
    vertex 40.594354248093815 19.874975550544484 2.6084214233398453
  endloop
endfacet
facet normal 0.0 -1.0 0.0
  outer loop
    vertex 40.594354248093815 19.874975550544484 2.6084214233398453
    vertex 46.568688832215244 19.874975550544484 3.0
    vertex 40.568688832215244 19.874975550544484 3.0
  endloop
endfacet
facet normal 0.0 1.0 0.0
  outer loop
    vertex 43.568688832215244 32.87497555054448 3.524958103184872e-16
    vertex 46.568688832215244 32.87497555054448 3.0
    vertex 46.568688832215244 32.87497555054448 0.0
  endloop
endfacet
facet normal 0.0 1.0 0.0
  outer loop
    vertex 46.568688832215244 32.87497555054448 3.0
    vertex 43.568688832215244 32.87497555054448 3.524958103184872e-16
    vertex 43.17711025555509 32.87497555054448 0.025665415878569364
  endloop
endfacet
facet normal 0.0 1.0 0.0
  outer loop
    vertex 46.568688832215244 32.87497555054448 3.0
    vertex 43.17711025555509 32.87497555054448 0.025665415878569364
    vertex 42.792231696907685 32.87497555054448 0.1022225211327956
  endloop
endfacet
facet normal 0.0 1.0 0.0
  outer loop
    vertex 46.568688832215244 32.87497555054448 3.0
    vertex 42.792231696907685 32.87497555054448 0.1022225211327956
    vertex 42.42063853511998 32.87497555054448 0.2283614024661403
  endloop
endfacet
facet normal 0.0 1.0 0.0
  outer loop
    vertex 46.568688832215244 32.87497555054448 3.0
    vertex 42.42063853511998 32.87497555054448 0.2283614024661403
    vertex 42.068688832215244 32.87497555054448 0.4019237886466844
  endloop
endfacet
facet normal 0.0 1.0 0.0
  outer loop
    vertex 46.568688832215244 32.87497555054448 3.0
    vertex 42.068688832215244 32.87497555054448 0.4019237886466844
    vertex 41.74240454518908 32.87497555054448 0.6199399791262945
  endloop
endfacet
facet normal 0.0 1.0 0.0
  outer loop
    vertex 46.568688832215244 32.87497555054448 3.0
    vertex 41.74240454518908 32.87497555054448 0.6199399791262945
    vertex 41.447368488655606 32.87497555054448 0.878679656440358
  endloop
endfacet
facet normal 0.0 1.0 0.0
  outer loop
    vertex 46.568688832215244 32.87497555054448 3.0
    vertex 41.447368488655606 32.87497555054448 0.878679656440358
    vertex 41.18862881134154 32.87497555054448 1.173715712973838
  endloop
endfacet
facet normal 0.0 1.0 0.0
  outer loop
    vertex 46.568688832215244 32.87497555054448 3.0
    vertex 41.18862881134154 32.87497555054448 1.173715712973838
    vertex 40.97061262086193 32.87497555054448 1.5000000000000002
  endloop
endfacet
facet normal 0.0 1.0 0.0
  outer loop
    vertex 46.568688832215244 32.87497555054448 3.0
    vertex 40.97061262086193 32.87497555054448 1.5000000000000002
    vertex 40.797050234681386 32.87497555054448 1.851949702904731
  endloop
endfacet
facet normal 0.0 1.0 0.0
  outer loop
    vertex 46.568688832215244 32.87497555054448 3.0
    vertex 40.797050234681386 32.87497555054448 1.851949702904731
    vertex 40.67091135334804 32.87497555054448 2.223542864692438
  endloop
endfacet
facet normal 0.0 1.0 0.0
  outer loop
    vertex 46.568688832215244 32.87497555054448 3.0
    vertex 40.67091135334804 32.87497555054448 2.223542864692438
    vertex 40.594354248093815 32.87497555054448 2.6084214233398453
  endloop
endfacet
facet normal 0.0 1.0 0.0
  outer loop
    vertex 46.568688832215244 32.87497555054448 3.0
    vertex 40.594354248093815 32.87497555054448 2.6084214233398453
    vertex 40.568688832215244 32.87497555054448 3.0
  endloop
endfacet
facet normal -0.6087614290087209 0.7933533402912352 0.0
  outer loop
    vertex 49.8243196464308 8.874975550544482 3.0
    vertex 50.81132951933453 9.632334863425198 0.0
    vertex 49.8243196464308 8.874975550544482 0.0
  endloop
endfacet
facet normal -0.6087614290087209 0.7933533402912352 0.0
  outer loop
    vertex 50.81132951933453 9.632334863425198 0.0
    vertex 49.8243196464308 8.874975550544482 3.0
    vertex 50.81132951933453 9.632334863425198 3.0
  endloop
endfacet
facet normal -0.9914448613738105 -0.13052619222005168 -0.0
  outer loop
    vertex 52.364243789949654 15.427889821159606 3.0
    vertex 52.568688832215244 13.874975550544482 0.0
    vertex 52.568688832215244 13.874975550544482 3.0
  endloop
endfacet
facet normal -0.9914448613738105 -0.13052619222005168 -0.0
  outer loop
    vertex 52.568688832215244 13.874975550544482 0.0
    vertex 52.364243789949654 15.427889821159606 3.0
    vertex 52.364243789949654 15.427889821159606 0.0
  endloop
endfacet
facet normal 0.38268343236509206 -0.9238795325112859 0.0
  outer loop
    vertex 133.01577456160013 44.67053050827887 3.0
    vertex 131.56868883221526 44.0711279732511 0.0
    vertex 133.01577456160013 44.67053050827887 0.0
  endloop
endfacet
facet normal 0.38268343236509206 -0.9238795325112859 0.0
  outer loop
    vertex 131.56868883221526 44.0711279732511 0.0
    vertex 133.01577456160013 44.67053050827887 3.0
    vertex 131.56868883221526 44.0711279732511 3.0
  endloop
endfacet
facet normal 0.9914448613738096 0.13052619222005876 0.0
  outer loop
    vertex 128.56868883221526 38.87497555054448 0.0
    vertex 128.77313387448086 37.32206127992935 3.0
    vertex 128.77313387448086 37.32206127992935 0.0
  endloop
endfacet
facet normal 0.9914448613738096 0.13052619222005876 0.0
  outer loop
    vertex 128.77313387448086 37.32206127992935 3.0
    vertex 128.56868883221526 38.87497555054448 0.0
    vertex 128.56868883221526 38.87497555054448 3.0
  endloop
endfacet
facet normal 0.13052619222005263 0.9914448613738104 0.0
  outer loop
    vertex 133.01577456160015 33.079420592810074 3.0
    vertex 134.56868883221526 32.874975550544484 0.0
    vertex 133.01577456160015 33.079420592810074 0.0
  endloop
endfacet
facet normal 0.13052619222005263 0.9914448613738104 0.0
  outer loop
    vertex 134.56868883221526 32.874975550544484 0.0
    vertex 133.01577456160015 33.079420592810074 3.0
    vertex 134.56868883221526 32.874975550544484 3.0
  endloop
endfacet
facet normal 0.38268343236508695 0.923879532511288 0.0
  outer loop
    vertex 131.56868883221526 33.67882312783785 3.0
    vertex 133.01577456160015 33.079420592810074 0.0
    vertex 131.56868883221526 33.67882312783785 0.0
  endloop
endfacet
facet normal 0.38268343236508695 0.923879532511288 0.0
  outer loop
    vertex 133.01577456160015 33.079420592810074 0.0
    vertex 131.56868883221526 33.67882312783785 3.0
    vertex 133.01577456160015 33.079420592810074 3.0
  endloop
endfacet
facet normal -0.13052619222005168 -0.9914448613738105 -0.0
  outer loop
    vertex 48.12160310283037 44.67053050827889 3.0
    vertex 46.568688832215244 44.87497555054448 0.0
    vertex 48.12160310283037 44.67053050827889 0.0
  endloop
endfacet
facet normal -0.13052619222005168 -0.9914448613738105 -0.0
  outer loop
    vertex 46.568688832215244 44.87497555054448 0.0
    vertex 48.12160310283037 44.67053050827889 3.0
    vertex 46.568688832215244 44.87497555054448 3.0
  endloop
endfacet
facet normal 0.6087614290087242 -0.7933533402912324 0.0
  outer loop
    vertex 131.56868883221526 44.0711279732511 3.0
    vertex 130.32604814509597 43.117616237663746 0.0
    vertex 131.56868883221526 44.0711279732511 0.0
  endloop
endfacet
facet normal 0.6087614290087242 -0.7933533402912324 0.0
  outer loop
    vertex 130.32604814509597 43.117616237663746 0.0
    vertex 131.56868883221526 44.0711279732511 3.0
    vertex 130.32604814509597 43.117616237663746 3.0
  endloop
endfacet
facet normal 0.9238795325112894 0.38268343236508334 0.0
  outer loop
    vertex 128.77313387448086 37.32206127992935 0.0
    vertex 129.37253640950863 35.874975550544484 3.0
    vertex 129.37253640950863 35.874975550544484 0.0
  endloop
endfacet
facet normal 0.9238795325112894 0.38268343236508334 0.0
  outer loop
    vertex 129.37253640950863 35.874975550544484 3.0
    vertex 128.77313387448086 37.32206127992935 0.0
    vertex 128.77313387448086 37.32206127992935 3.0
  endloop
endfacet
facet normal -0.7933533402912337 -0.6087614290087224 -0.0
  outer loop
    vertex 50.81132951933453 43.11761623766376 3.0
    vertex 51.76484125492188 41.87497555054448 0.0
    vertex 51.76484125492188 41.87497555054448 3.0
  endloop
endfacet
facet normal -0.7933533402912337 -0.6087614290087224 -0.0
  outer loop
    vertex 51.76484125492188 41.87497555054448 0.0
    vertex 50.81132951933453 43.11761623766376 3.0
    vertex 50.81132951933453 43.11761623766376 0.0
  endloop
endfacet
facet normal 0.38268343236509367 -0.9238795325112853 0.0
  outer loop
    vertex 133.01577456160013 19.67053050827888 3.0
    vertex 131.56868883221526 19.0711279732511 0.0
    vertex 133.01577456160013 19.67053050827888 0.0
  endloop
endfacet
facet normal 0.38268343236509367 -0.9238795325112853 0.0
  outer loop
    vertex 131.56868883221526 19.0711279732511 0.0
    vertex 133.01577456160013 19.67053050827888 3.0
    vertex 131.56868883221526 19.0711279732511 3.0
  endloop
endfacet
facet normal -0.9914448613738105 -0.13052619222005168 -0.0
  outer loop
    vertex 52.364243789949654 40.4278898211596 3.0
    vertex 52.568688832215244 38.87497555054448 0.0
    vertex 52.568688832215244 38.87497555054448 3.0
  endloop
endfacet
facet normal -0.9914448613738105 -0.13052619222005168 -0.0
  outer loop
    vertex 52.568688832215244 38.87497555054448 0.0
    vertex 52.364243789949654 40.4278898211596 3.0
    vertex 52.364243789949654 40.4278898211596 0.0
  endloop
endfacet
facet normal -0.9238795325112874 -0.3826834323650882 -0.0
  outer loop
    vertex 51.76484125492188 41.87497555054448 3.0
    vertex 52.364243789949654 40.4278898211596 0.0
    vertex 52.364243789949654 40.4278898211596 3.0
  endloop
endfacet
facet normal -0.9238795325112874 -0.3826834323650882 -0.0
  outer loop
    vertex 52.364243789949654 40.4278898211596 0.0
    vertex 51.76484125492188 41.87497555054448 3.0
    vertex 51.76484125492188 41.87497555054448 0.0
  endloop
endfacet
facet normal 0.923879532511285 -0.38268343236509444 0.0
  outer loop
    vertex 129.37253640950863 41.87497555054447 0.0
    vertex 128.77313387448083 40.427889821159596 3.0
    vertex 128.77313387448083 40.427889821159596 0.0
  endloop
endfacet
facet normal 0.923879532511285 -0.38268343236509444 0.0
  outer loop
    vertex 128.77313387448083 40.427889821159596 3.0
    vertex 129.37253640950863 41.87497555054447 0.0
    vertex 129.37253640950863 41.87497555054447 3.0
  endloop
endfacet
facet normal 0.0 -1.0 0.0
  outer loop
    vertex 46.568688832215244 44.87497555054448 3.0
    vertex 43.568688832215244 44.87497555054448 3.524958103184872e-16
    vertex 46.568688832215244 44.87497555054448 0.0
  endloop
endfacet
facet normal 0.0 -1.0 0.0
  outer loop
    vertex 43.568688832215244 44.87497555054448 3.524958103184872e-16
    vertex 46.568688832215244 44.87497555054448 3.0
    vertex 43.17711025555509 44.87497555054448 0.025665415878569364
  endloop
endfacet
facet normal 0.0 -1.0 0.0
  outer loop
    vertex 43.17711025555509 44.87497555054448 0.025665415878569364
    vertex 46.568688832215244 44.87497555054448 3.0
    vertex 42.792231696907685 44.87497555054448 0.1022225211327956
  endloop
endfacet
facet normal 0.0 -1.0 0.0
  outer loop
    vertex 42.792231696907685 44.87497555054448 0.1022225211327956
    vertex 46.568688832215244 44.87497555054448 3.0
    vertex 42.42063853511998 44.87497555054448 0.2283614024661403
  endloop
endfacet
facet normal 0.0 -1.0 0.0
  outer loop
    vertex 42.42063853511998 44.87497555054448 0.2283614024661403
    vertex 46.568688832215244 44.87497555054448 3.0
    vertex 42.068688832215244 44.87497555054448 0.4019237886466844
  endloop
endfacet
facet normal 0.0 -1.0 0.0
  outer loop
    vertex 42.068688832215244 44.87497555054448 0.4019237886466844
    vertex 46.568688832215244 44.87497555054448 3.0
    vertex 41.74240454518908 44.87497555054448 0.6199399791262945
  endloop
endfacet
facet normal 0.0 -1.0 0.0
  outer loop
    vertex 41.74240454518908 44.87497555054448 0.6199399791262945
    vertex 46.568688832215244 44.87497555054448 3.0
    vertex 41.447368488655606 44.87497555054448 0.878679656440358
  endloop
endfacet
facet normal 0.0 -1.0 0.0
  outer loop
    vertex 41.447368488655606 44.87497555054448 0.878679656440358
    vertex 46.568688832215244 44.87497555054448 3.0
    vertex 41.18862881134154 44.87497555054448 1.173715712973838
  endloop
endfacet
facet normal 0.0 -1.0 0.0
  outer loop
    vertex 41.18862881134154 44.87497555054448 1.173715712973838
    vertex 46.568688832215244 44.87497555054448 3.0
    vertex 40.97061262086193 44.87497555054448 1.5000000000000002
  endloop
endfacet
facet normal 0.0 -1.0 0.0
  outer loop
    vertex 40.97061262086193 44.87497555054448 1.5000000000000002
    vertex 46.568688832215244 44.87497555054448 3.0
    vertex 40.797050234681386 44.87497555054448 1.851949702904731
  endloop
endfacet
facet normal 0.0 -1.0 0.0
  outer loop
    vertex 40.797050234681386 44.87497555054448 1.851949702904731
    vertex 46.568688832215244 44.87497555054448 3.0
    vertex 40.67091135334804 44.87497555054448 2.223542864692438
  endloop
endfacet
facet normal 0.0 -1.0 0.0
  outer loop
    vertex 40.67091135334804 44.87497555054448 2.223542864692438
    vertex 46.568688832215244 44.87497555054448 3.0
    vertex 40.594354248093815 44.87497555054448 2.6084214233398453
  endloop
endfacet
facet normal 0.0 -1.0 0.0
  outer loop
    vertex 40.594354248093815 44.87497555054448 2.6084214233398453
    vertex 46.568688832215244 44.87497555054448 3.0
    vertex 40.568688832215244 44.87497555054448 3.0
  endloop
endfacet
facet normal 1.879977655031928e-15 1.0 -1.8799776550319333e-15
  outer loop
    vertex 134.56868883221526 32.874975550544484 3.0
    vertex 137.56868883221523 32.87497555054446 2.9071148006682014e-15
    vertex 134.56868883221526 32.874975550544484 0.0
  endloop
endfacet
facet normal 1.879977655031928e-15 1.0 -1.8799776550319333e-15
  outer loop
    vertex 137.56868883221523 32.87497555054446 2.9071148006682014e-15
    vertex 134.56868883221526 32.874975550544484 3.0
    vertex 137.96026740887538 32.87497555054446 0.025665415878571917
  endloop
endfacet
facet normal 1.879977655031928e-15 1.0 -1.8799776550319333e-15
  outer loop
    vertex 137.96026740887538 32.87497555054446 0.025665415878571917
    vertex 134.56868883221526 32.874975550544484 3.0
    vertex 138.3451459675228 32.87497555054446 0.10222252113279817
  endloop
endfacet
facet normal 1.879977655031928e-15 1.0 -1.8799776550319333e-15
  outer loop
    vertex 138.3451459675228 32.87497555054446 0.10222252113279817
    vertex 134.56868883221526 32.874975550544484 3.0
    vertex 138.7167391293105 32.87497555054446 0.22836140246614287
  endloop
endfacet
facet normal 1.879977655031928e-15 1.0 -1.8799776550319333e-15
  outer loop
    vertex 138.7167391293105 32.87497555054446 0.22836140246614287
    vertex 134.56868883221526 32.874975550544484 3.0
    vertex 139.06868883221523 32.87497555054446 0.4019237886466873
  endloop
endfacet
facet normal 1.879977655031928e-15 1.0 -1.8799776550319333e-15
  outer loop
    vertex 139.06868883221523 32.87497555054446 0.4019237886466873
    vertex 134.56868883221526 32.874975550544484 3.0
    vertex 139.39497311924137 32.87497555054446 0.6199399791262977
  endloop
endfacet
facet normal 1.879977655031928e-15 1.0 -1.8799776550319333e-15
  outer loop
    vertex 139.39497311924137 32.87497555054446 0.6199399791262977
    vertex 134.56868883221526 32.874975550544484 3.0
    vertex 139.69000917577486 32.87497555054446 0.8786796564403604
  endloop
endfacet
facet normal 1.879977655031928e-15 1.0 -1.8799776550319333e-15
  outer loop
    vertex 139.69000917577486 32.87497555054446 0.8786796564403604
    vertex 134.56868883221526 32.874975550544484 3.0
    vertex 139.94874885308894 32.87497555054446 1.1737157129738416
  endloop
endfacet
facet normal 1.879977655031928e-15 1.0 -1.8799776550319333e-15
  outer loop
    vertex 139.94874885308894 32.87497555054446 1.1737157129738416
    vertex 134.56868883221526 32.874975550544484 3.0
    vertex 140.16676504356855 32.87497555054446 1.5000000000000036
  endloop
endfacet
facet normal 1.879977655031928e-15 1.0 -1.8799776550319333e-15
  outer loop
    vertex 140.16676504356855 32.87497555054446 1.5000000000000036
    vertex 134.56868883221526 32.874975550544484 3.0
    vertex 140.3403274297491 32.87497555054446 1.8519497029047343
  endloop
endfacet
facet normal 1.879977655031928e-15 1.0 -1.8799776550319333e-15
  outer loop
    vertex 140.3403274297491 32.87497555054446 1.8519497029047343
    vertex 134.56868883221526 32.874975550544484 3.0
    vertex 140.46646631108243 32.87497555054446 2.2235428646924413
  endloop
endfacet
facet normal 1.879977655031928e-15 1.0 -1.8799776550319333e-15
  outer loop
    vertex 140.46646631108243 32.87497555054446 2.2235428646924413
    vertex 134.56868883221526 32.874975550544484 3.0
    vertex 140.54302341633664 32.87497555054446 2.608421423339849
  endloop
endfacet
facet normal 1.879977655031928e-15 1.0 -1.8799776550319333e-15
  outer loop
    vertex 140.54302341633664 32.87497555054446 2.608421423339849
    vertex 134.56868883221526 32.874975550544484 3.0
    vertex 140.56868883221523 32.87497555054448 3.0
  endloop
endfacet
facet normal 0.13052619222005074 -0.9914448613738105 0.0
  outer loop
    vertex 134.56868883221526 19.87497555054447 3.0
    vertex 133.01577456160013 19.67053050827888 0.0
    vertex 134.56868883221526 19.87497555054447 0.0
  endloop
endfacet
facet normal 0.13052619222005074 -0.9914448613738105 0.0
  outer loop
    vertex 133.01577456160013 19.67053050827888 0.0
    vertex 134.56868883221526 19.87497555054447 3.0
    vertex 133.01577456160013 19.67053050827888 3.0
  endloop
endfacet
facet normal -0.6087614290087224 -0.7933533402912337 -0.0
  outer loop
    vertex 50.81132951933453 43.11761623766376 3.0
    vertex 49.568688832215244 44.07112797325111 0.0
    vertex 50.81132951933453 43.11761623766376 0.0
  endloop
endfacet
facet normal -0.6087614290087224 -0.7933533402912337 -0.0
  outer loop
    vertex 49.568688832215244 44.07112797325111 0.0
    vertex 50.81132951933453 43.11761623766376 3.0
    vertex 49.568688832215244 44.07112797325111 3.0
  endloop
endfacet
facet normal -0.3826834323650882 -0.9238795325112874 -0.0
  outer loop
    vertex 49.568688832215244 44.07112797325111 3.0
    vertex 48.12160310283037 44.67053050827889 0.0
    vertex 49.568688832215244 44.07112797325111 0.0
  endloop
endfacet
facet normal -0.3826834323650882 -0.9238795325112874 -0.0
  outer loop
    vertex 48.12160310283037 44.67053050827889 0.0
    vertex 49.568688832215244 44.07112797325111 3.0
    vertex 48.12160310283037 44.67053050827889 3.0
  endloop
endfacet
facet normal 0.9914448613738114 -0.13052619222004508 0.0
  outer loop
    vertex 128.77313387448083 40.427889821159596 0.0
    vertex 128.56868883221526 38.87497555054448 3.0
    vertex 128.56868883221526 38.87497555054448 0.0
  endloop
endfacet
facet normal 0.9914448613738114 -0.13052619222004508 0.0
  outer loop
    vertex 128.56868883221526 38.87497555054448 3.0
    vertex 128.77313387448083 40.427889821159596 0.0
    vertex 128.77313387448083 40.427889821159596 3.0
  endloop
endfacet
facet normal 0.608761429008722 0.7933533402912343 0.0
  outer loop
    vertex 130.32604814509597 34.6323348634252 3.0
    vertex 131.56868883221526 33.67882312783785 0.0
    vertex 130.32604814509597 34.6323348634252 0.0
  endloop
endfacet
facet normal 0.608761429008722 0.7933533402912343 0.0
  outer loop
    vertex 131.56868883221526 33.67882312783785 0.0
    vertex 130.32604814509597 34.6323348634252 3.0
    vertex 131.56868883221526 33.67882312783785 3.0
  endloop
endfacet
facet normal 0.13052619222005074 -0.9914448613738105 0.0
  outer loop
    vertex 134.56868883221526 44.87497555054446 3.0
    vertex 133.01577456160013 44.67053050827887 0.0
    vertex 134.56868883221526 44.87497555054446 0.0
  endloop
endfacet
facet normal 0.13052619222005074 -0.9914448613738105 0.0
  outer loop
    vertex 133.01577456160013 44.67053050827887 0.0
    vertex 134.56868883221526 44.87497555054446 3.0
    vertex 133.01577456160013 44.67053050827887 3.0
  endloop
endfacet
facet normal 0.7933533402912337 0.6087614290087224 0.0
  outer loop
    vertex 129.37253640950863 35.874975550544484 0.0
    vertex 130.32604814509597 34.6323348634252 3.0
    vertex 130.32604814509597 34.6323348634252 0.0
  endloop
endfacet
facet normal 0.7933533402912337 0.6087614290087224 0.0
  outer loop
    vertex 130.32604814509597 34.6323348634252 3.0
    vertex 129.37253640950863 35.874975550544484 0.0
    vertex 129.37253640950863 35.874975550544484 3.0
  endloop
endfacet
facet normal 0.7933533402912324 -0.6087614290087242 0.0
  outer loop
    vertex 130.32604814509597 43.117616237663746 0.0
    vertex 129.37253640950863 41.87497555054447 3.0
    vertex 129.37253640950863 41.87497555054447 0.0
  endloop
endfacet
facet normal 0.7933533402912324 -0.6087614290087242 0.0
  outer loop
    vertex 129.37253640950863 41.87497555054447 3.0
    vertex 130.32604814509597 43.117616237663746 0.0
    vertex 130.32604814509597 43.117616237663746 3.0
  endloop
endfacet
facet normal -0.9469301294951044 -0.0 -0.3214394653031655
  outer loop
    vertex 40.67091135334804 8.874975550544482 2.2235428646924382
    vertex 40.797050234681386 3.8749755505444834 1.8519497029047318
    vertex 40.67091135334804 3.8749755505444834 2.2235428646924382
  endloop
endfacet
facet normal -0.9469301294951044 -0.0 -0.3214394653031655
  outer loop
    vertex 40.797050234681386 3.8749755505444834 1.8519497029047318
    vertex 40.67091135334804 8.874975550544482 2.2235428646924382
    vertex 40.797050234681386 8.874975550544482 1.8519497029047318
  endloop
endfacet
facet normal -0.7518398074789739 -0.0 -0.6593458151000727
  outer loop
    vertex 41.18862881134154 8.874975550544482 1.1737157129738398
    vertex 41.447368488655606 3.8749755505444834 0.8786796564403593
    vertex 41.18862881134154 3.8749755505444834 1.1737157129738398
  endloop
endfacet
facet normal -0.7518398074789739 -0.0 -0.6593458151000727
  outer loop
    vertex 41.447368488655606 3.8749755505444834 0.8786796564403593
    vertex 41.18862881134154 8.874975550544482 1.1737157129738398
    vertex 41.447368488655606 8.874975550544482 0.8786796564403593
  endloop
endfacet
facet normal -0.5555702330195956 -0.0 -0.8314696123025498
  outer loop
    vertex 42.06868883221525 8.874975550544482 0.4019237886466872
    vertex 41.74240454518908 3.8749755505444834 0.619939979126297
    vertex 41.74240454518908 8.874975550544482 0.619939979126297
  endloop
endfacet
facet normal -0.5555702330195956 -0.0 -0.8314696123025498
  outer loop
    vertex 41.74240454518908 3.8749755505444834 0.619939979126297
    vertex 42.06868883221525 8.874975550544482 0.4019237886466872
    vertex 42.06868883221525 3.8749755505444834 0.4019237886466872
  endloop
endfacet
facet normal 0.9238795325112845 -0.382683432365095 0.0
  outer loop
    vertex 129.37253640950863 16.874975550544473 0.0
    vertex 128.77313387448083 15.427889821159601 3.0
    vertex 128.77313387448083 15.427889821159601 0.0
  endloop
endfacet
facet normal 0.9238795325112845 -0.382683432365095 0.0
  outer loop
    vertex 128.77313387448083 15.427889821159601 3.0
    vertex 129.37253640950863 16.874975550544473 0.0
    vertex 129.37253640950863 16.874975550544473 3.0
  endloop
endfacet
facet normal 0.9914448613738114 -0.13052619222004508 0.0
  outer loop
    vertex 128.77313387448083 15.427889821159601 0.0
    vertex 128.56868883221526 13.874975550544482 3.0
    vertex 128.56868883221526 13.874975550544482 0.0
  endloop
endfacet
facet normal 0.9914448613738114 -0.13052619222004508 0.0
  outer loop
    vertex 128.56868883221526 13.874975550544482 3.0
    vertex 128.77313387448083 15.427889821159601 0.0
    vertex 128.77313387448083 15.427889821159601 3.0
  endloop
endfacet
facet normal 0.92387953251129 0.3826834323650821 0.0
  outer loop
    vertex 128.77313387448086 12.32206127992936 0.0
    vertex 129.37253640950863 10.874975550544484 3.0
    vertex 129.37253640950863 10.874975550544484 0.0
  endloop
endfacet
facet normal 0.92387953251129 0.3826834323650821 0.0
  outer loop
    vertex 129.37253640950863 10.874975550544484 3.0
    vertex 128.77313387448086 12.32206127992936 0.0
    vertex 128.77313387448086 12.32206127992936 3.0
  endloop
endfacet
facet normal 0.7933533402912328 0.6087614290087238 0.0
  outer loop
    vertex 129.37253640950863 10.874975550544484 0.0
    vertex 130.32604814509597 9.632334863425205 3.0
    vertex 130.32604814509597 9.632334863425205 0.0
  endloop
endfacet
facet normal 0.7933533402912328 0.6087614290087238 0.0
  outer loop
    vertex 130.32604814509597 9.632334863425205 3.0
    vertex 129.37253640950863 10.874975550544484 0.0
    vertex 129.37253640950863 10.874975550544484 3.0
  endloop
endfacet
facet normal 0.608761429008722 -0.7933533402912343 0.0
  outer loop
    vertex 131.56868883221526 19.0711279732511 3.0
    vertex 130.32604814509597 18.117616237663757 0.0
    vertex 131.56868883221526 19.0711279732511 0.0
  endloop
endfacet
facet normal 0.608761429008722 -0.7933533402912343 0.0
  outer loop
    vertex 130.32604814509597 18.117616237663757 0.0
    vertex 131.56868883221526 19.0711279732511 3.0
    vertex 130.32604814509597 18.117616237663757 3.0
  endloop
endfacet
facet normal 0.6087614290087237 0.793353340291233 0.0
  outer loop
    vertex 130.32604814509597 9.632334863425205 3.0
    vertex 131.3130580179997 8.874975550544482 0.0
    vertex 130.32604814509597 9.632334863425205 0.0
  endloop
endfacet
facet normal 0.6087614290087237 0.793353340291233 0.0
  outer loop
    vertex 131.3130580179997 8.874975550544482 0.0
    vertex 130.32604814509597 9.632334863425205 3.0
    vertex 131.3130580179997 8.874975550544482 3.0
  endloop
endfacet
facet normal -0.44228869021900047 -0.0 -0.8968727415326887
  outer loop
    vertex 42.42063853511998 8.874975550544482 0.22836140246614348
    vertex 42.06868883221525 3.8749755505444834 0.4019237886466872
    vertex 42.06868883221525 8.874975550544482 0.4019237886466872
  endloop
endfacet
facet normal -0.44228869021900047 -0.0 -0.8968727415326887
  outer loop
    vertex 42.06868883221525 3.8749755505444834 0.4019237886466872
    vertex 42.42063853511998 8.874975550544482 0.22836140246614348
    vertex 42.42063853511998 3.8749755505444834 0.22836140246614348
  endloop
endfacet
facet normal 0.9914448613738095 0.130526192220059 0.0
  outer loop
    vertex 128.56868883221526 13.874975550544482 0.0
    vertex 128.77313387448086 12.32206127992936 3.0
    vertex 128.77313387448086 12.32206127992936 0.0
  endloop
endfacet
facet normal 0.9914448613738095 0.130526192220059 0.0
  outer loop
    vertex 128.77313387448086 12.32206127992936 3.0
    vertex 128.56868883221526 13.874975550544482 0.0
    vertex 128.56868883221526 13.874975550544482 3.0
  endloop
endfacet
facet normal -0.6593458151000708 -0.0 -0.7518398074789756
  outer loop
    vertex 41.74240454518908 8.874975550544482 0.619939979126297
    vertex 41.447368488655606 3.8749755505444834 0.8786796564403593
    vertex 41.447368488655606 8.874975550544482 0.8786796564403593
  endloop
endfacet
facet normal -0.6593458151000708 -0.0 -0.7518398074789756
  outer loop
    vertex 41.447368488655606 3.8749755505444834 0.8786796564403593
    vertex 41.74240454518908 8.874975550544482 0.619939979126297
    vertex 41.74240454518908 3.8749755505444834 0.619939979126297
  endloop
endfacet
facet normal -0.8314696123025457 -0.0 -0.5555702330196016
  outer loop
    vertex 40.97061262086193 8.874975550544482 1.5000000000000013
    vertex 41.18862881134154 3.8749755505444834 1.1737157129738398
    vertex 40.97061262086193 3.8749755505444834 1.5000000000000013
  endloop
endfacet
facet normal -0.8314696123025457 -0.0 -0.5555702330196016
  outer loop
    vertex 41.18862881134154 3.8749755505444834 1.1737157129738398
    vertex 40.97061262086193 8.874975550544482 1.5000000000000013
    vertex 41.18862881134154 8.874975550544482 1.1737157129738398
  endloop
endfacet
facet normal -0.9978589232386034 0.0 -0.06540312923014462
  outer loop
    vertex 40.568688832215244 8.874975550544482 3.0
    vertex 40.594354248093815 3.8749755505444834 2.6084214233398457
    vertex 40.568688832215244 3.8749755505444834 3.0
  endloop
endfacet
facet normal -0.9978589232386034 0.0 -0.06540312923014462
  outer loop
    vertex 40.594354248093815 3.8749755505444834 2.6084214233398457
    vertex 40.568688832215244 8.874975550544482 3.0
    vertex 40.594354248093815 8.874975550544482 2.6084214233398457
  endloop
endfacet
facet normal -0.8968727415326913 -0.0 -0.44228869021899525
  outer loop
    vertex 40.797050234681386 8.874975550544482 1.8519497029047318
    vertex 40.97061262086193 3.8749755505444834 1.5000000000000013
    vertex 40.797050234681386 3.8749755505444834 1.8519497029047318
  endloop
endfacet
facet normal -0.8968727415326913 -0.0 -0.44228869021899525
  outer loop
    vertex 40.97061262086193 3.8749755505444834 1.5000000000000013
    vertex 40.797050234681386 8.874975550544482 1.8519497029047318
    vertex 40.97061262086193 8.874975550544482 1.5000000000000013
  endloop
endfacet
facet normal -0.9807852804032308 -0.0 -0.19509032201612717
  outer loop
    vertex 40.594354248093815 8.874975550544482 2.6084214233398457
    vertex 40.67091135334804 3.8749755505444834 2.2235428646924382
    vertex 40.594354248093815 3.8749755505444834 2.6084214233398457
  endloop
endfacet
facet normal -0.9807852804032308 -0.0 -0.19509032201612717
  outer loop
    vertex 40.67091135334804 3.8749755505444834 2.2235428646924382
    vertex 40.594354248093815 8.874975550544482 2.6084214233398457
    vertex 40.67091135334804 8.874975550544482 2.2235428646924382
  endloop
endfacet
facet normal 0.7933533402912337 -0.6087614290087224 0.0
  outer loop
    vertex 130.32604814509597 18.117616237663757 0.0
    vertex 129.37253640950863 16.874975550544473 3.0
    vertex 129.37253640950863 16.874975550544473 0.0
  endloop
endfacet
facet normal 0.7933533402912337 -0.6087614290087224 0.0
  outer loop
    vertex 129.37253640950863 16.874975550544473 3.0
    vertex 130.32604814509597 18.117616237663757 0.0
    vertex 130.32604814509597 18.117616237663757 3.0
  endloop
endfacet
facet normal -1.0 0.0 0.0
  outer loop
    vertex 62.56868883221525 78.87497555054448 38.87798296834159
    vertex 62.56868883221525 75.87497555054449 3.0
    vertex 62.56868883221525 75.87497555054449 48.20371699999998
  endloop
endfacet
facet normal -1.0 0.0 0.0
  outer loop
    vertex 62.56868883221525 75.87497555054449 3.0
    vertex 62.56868883221525 78.87497555054448 38.87798296834159
    vertex 62.56868883221525 78.87497555054448 3.0
  endloop
endfacet
facet normal 0.0 -1.0 0.0
  outer loop
    vertex 118.56868883221524 75.87497555054449 3.0
    vertex 109.56868883221523 75.87497555054449 32.47166619243111
    vertex 62.56868883221525 75.87497555054449 3.0
  endloop
endfacet
facet normal 0.0 -1.0 0.0
  outer loop
    vertex 109.56868883221523 75.87497555054449 32.47166619243111
    vertex 118.56868883221524 75.87497555054449 3.0
    vertex 109.98290239458834 75.87497555054449 32.78950343762689
  endloop
endfacet
facet normal 0.0 -1.0 0.0
  outer loop
    vertex 109.98290239458834 75.87497555054449 32.78950343762689
    vertex 118.56868883221524 75.87497555054449 3.0
    vertex 118.56868883221524 75.87497555054449 41.99999999999999
  endloop
endfacet
facet normal 0.0 -1.0 0.0
  outer loop
    vertex 62.56868883221525 75.87497555054449 3.0
    vertex 109.56868883221523 75.87497555054449 32.47166619243111
    vertex 109.08632692242028 75.87497555054449 32.27186534742185
  endloop
endfacet
facet normal 0.0 -1.0 0.0
  outer loop
    vertex 62.56868883221525 75.87497555054449 3.0
    vertex 109.08632692242028 75.87497555054449 32.27186534742185
    vertex 108.56868883221523 75.87497555054449 32.20371699999999
  endloop
endfacet
facet normal 0.0 -1.0 0.0
  outer loop
    vertex 109.98290239458834 75.87497555054449 32.78950343762689
    vertex 118.56868883221524 75.87497555054449 41.99999999999999
    vertex 110.30073963978413 75.87497555054449 33.20371699999999
  endloop
endfacet
facet normal 0.0 -1.0 0.0
  outer loop
    vertex 110.30073963978413 75.87497555054449 33.20371699999999
    vertex 118.56868883221524 75.87497555054449 41.99999999999999
    vertex 110.50054048479338 75.87497555054449 33.68607890979495
  endloop
endfacet
facet normal 0.0 -1.0 0.0
  outer loop
    vertex 110.50054048479338 75.87497555054449 33.68607890979495
    vertex 118.56868883221524 75.87497555054449 41.99999999999999
    vertex 110.56868883221523 75.87497555054449 34.20371699999999
  endloop
endfacet
facet normal 0.0 -1.0 0.0
  outer loop
    vertex 110.56868883221523 75.87497555054449 34.20371699999999
    vertex 118.56868883221524 75.87497555054449 41.99999999999999
    vertex 110.50054048479338 75.87497555054449 34.72135509020503
  endloop
endfacet
facet normal 0.0 -1.0 0.0
  outer loop
    vertex 110.50054048479338 75.87497555054449 34.72135509020503
    vertex 118.56868883221524 75.87497555054449 41.99999999999999
    vertex 110.30073963978413 75.87497555054449 35.20371699999999
  endloop
endfacet
facet normal 0.0 -1.0 0.0
  outer loop
    vertex 110.30073963978413 75.87497555054449 35.20371699999999
    vertex 118.56868883221524 75.87497555054449 41.99999999999999
    vertex 109.98290239458834 75.87497555054449 35.61793056237309
  endloop
endfacet
facet normal 0.0 -1.0 0.0
  outer loop
    vertex 109.98290239458834 75.87497555054449 35.61793056237309
    vertex 118.56868883221524 75.87497555054449 41.99999999999999
    vertex 109.56868883221523 75.87497555054449 35.935767807568865
  endloop
endfacet
facet normal 0.0 -1.0 0.0
  outer loop
    vertex 109.56868883221523 75.87497555054449 35.935767807568865
    vertex 118.56868883221524 75.87497555054449 41.99999999999999
    vertex 109.08632692242028 75.87497555054449 36.13556865257813
  endloop
endfacet
facet normal 0.0 -1.0 0.0
  outer loop
    vertex 109.08632692242028 75.87497555054449 36.13556865257813
    vertex 118.56868883221524 75.87497555054449 41.99999999999999
    vertex 108.56868883221523 75.87497555054449 36.20371699999999
  endloop
endfacet
facet normal 0.0 -1.0 0.0
  outer loop
    vertex 108.56868883221523 75.87497555054449 36.20371699999999
    vertex 118.56868883221524 75.87497555054449 41.99999999999999
    vertex 72.56868883221526 75.87497555054449 36.20371699999999
  endloop
endfacet
facet normal 0.0 -1.0 0.0
  outer loop
    vertex 62.56868883221525 75.87497555054449 3.0
    vertex 70.83663802464638 75.87497555054449 33.20371699999998
    vertex 62.56868883221525 75.87497555054449 48.20371699999998
  endloop
endfacet
facet normal 0.0 -1.0 0.0
  outer loop
    vertex 70.83663802464638 75.87497555054449 33.20371699999998
    vertex 62.56868883221525 75.87497555054449 3.0
    vertex 71.15447526984215 75.87497555054449 32.78950343762689
  endloop
endfacet
facet normal 0.0 -1.0 0.0
  outer loop
    vertex 71.15447526984215 75.87497555054449 32.78950343762689
    vertex 62.56868883221525 75.87497555054449 3.0
    vertex 71.56868883221526 75.87497555054449 32.47166619243111
  endloop
endfacet
facet normal 0.0 -1.0 0.0
  outer loop
    vertex 71.56868883221526 75.87497555054449 32.47166619243111
    vertex 62.56868883221525 75.87497555054449 3.0
    vertex 72.0510507420102 75.87497555054449 32.27186534742185
  endloop
endfacet
facet normal 0.0 -1.0 0.0
  outer loop
    vertex 72.0510507420102 75.87497555054449 32.27186534742185
    vertex 62.56868883221525 75.87497555054449 3.0
    vertex 72.56868883221526 75.87497555054449 32.20371699999999
  endloop
endfacet
facet normal 0.0 -1.0 0.0
  outer loop
    vertex 72.56868883221526 75.87497555054449 32.20371699999999
    vertex 62.56868883221525 75.87497555054449 3.0
    vertex 108.56868883221523 75.87497555054449 32.20371699999999
  endloop
endfacet
facet normal 0.0 -1.0 0.0
  outer loop
    vertex 62.56868883221525 75.87497555054449 48.20371699999998
    vertex 70.83663802464638 75.87497555054449 33.20371699999998
    vertex 70.63683717963713 75.87497555054449 33.686078909794944
  endloop
endfacet
facet normal 0.0 -1.0 0.0
  outer loop
    vertex 62.56868883221525 75.87497555054449 48.20371699999998
    vertex 70.63683717963713 75.87497555054449 33.686078909794944
    vertex 70.56868883221526 75.87497555054449 34.20371699999999
  endloop
endfacet
facet normal 0.0 -1.0 0.0
  outer loop
    vertex 62.56868883221525 75.87497555054449 48.20371699999998
    vertex 70.56868883221526 75.87497555054449 34.20371699999999
    vertex 70.63683717963711 75.87497555054449 34.72135509020503
  endloop
endfacet
facet normal 0.0 -1.0 0.0
  outer loop
    vertex 62.56868883221525 75.87497555054449 48.20371699999998
    vertex 70.63683717963711 75.87497555054449 34.72135509020503
    vertex 70.83663802464638 75.87497555054449 35.20371699999999
  endloop
endfacet
facet normal 0.0 -1.0 0.0
  outer loop
    vertex 62.56868883221525 75.87497555054449 48.20371699999998
    vertex 70.83663802464638 75.87497555054449 35.20371699999999
    vertex 71.15447526984215 75.87497555054449 35.61793056237309
  endloop
endfacet
facet normal 0.0 -1.0 0.0
  outer loop
    vertex 62.56868883221525 75.87497555054449 48.20371699999998
    vertex 71.15447526984215 75.87497555054449 35.61793056237309
    vertex 71.56868883221526 75.87497555054449 35.935767807568865
  endloop
endfacet
facet normal 0.0 -1.0 0.0
  outer loop
    vertex 62.56868883221525 75.87497555054449 48.20371699999998
    vertex 71.56868883221526 75.87497555054449 35.935767807568865
    vertex 72.0510507420102 75.87497555054449 36.13556865257813
  endloop
endfacet
facet normal 0.0 -1.0 0.0
  outer loop
    vertex 62.56868883221525 75.87497555054449 48.20371699999998
    vertex 72.0510507420102 75.87497555054449 36.13556865257813
    vertex 72.56868883221526 75.87497555054449 36.20371699999999
  endloop
endfacet
facet normal 0.0 -1.0 0.0
  outer loop
    vertex 62.56868883221525 75.87497555054449 48.20371699999998
    vertex 72.56868883221526 75.87497555054449 36.20371699999999
    vertex 118.56868883221524 75.87497555054449 41.99999999999999
  endloop
endfacet
facet normal 0.0 -1.0 0.0
  outer loop
    vertex 62.56868883221525 75.87497555054449 48.20371699999998
    vertex 118.56868883221524 75.87497555054449 41.99999999999999
    vertex 118.56868883221524 75.87497555054449 48.20371699999998
  endloop
endfacet
facet normal 0.0 -1.0 0.0
  outer loop
    vertex 108.05105074201019 75.87497555054449 32.27186534742185
    vertex 72.56868883221526 75.87497555054449 32.20371699999999
    vertex 108.56868883221523 75.87497555054449 32.20371699999999
  endloop
endfacet
facet normal 0.0 -1.0 0.0
  outer loop
    vertex 72.56868883221526 75.87497555054449 32.20371699999999
    vertex 108.05105074201019 75.87497555054449 32.27186534742185
    vertex 73.0863269224203 75.87497555054449 32.27186534742185
  endloop
endfacet
facet normal 0.0 -1.0 0.0
  outer loop
    vertex 73.0863269224203 75.87497555054449 32.27186534742185
    vertex 108.05105074201019 75.87497555054449 32.27186534742185
    vertex 107.56868883221523 75.87497555054449 32.47166619243111
  endloop
endfacet
facet normal 0.0 -1.0 0.0
  outer loop
    vertex 73.0863269224203 75.87497555054449 32.27186534742185
    vertex 107.56868883221523 75.87497555054449 32.47166619243111
    vertex 73.56868883221526 75.87497555054449 32.47166619243111
  endloop
endfacet
facet normal 0.0 -1.0 0.0
  outer loop
    vertex 73.56868883221526 75.87497555054449 32.47166619243111
    vertex 107.56868883221523 75.87497555054449 32.47166619243111
    vertex 107.15447526984214 75.87497555054449 32.78950343762689
  endloop
endfacet
facet normal 0.0 -1.0 0.0
  outer loop
    vertex 73.56868883221526 75.87497555054449 32.47166619243111
    vertex 107.15447526984214 75.87497555054449 32.78950343762689
    vertex 73.98290239458835 75.87497555054449 32.78950343762689
  endloop
endfacet
facet normal 0.0 -1.0 0.0
  outer loop
    vertex 73.98290239458835 75.87497555054449 32.78950343762689
    vertex 107.15447526984214 75.87497555054449 32.78950343762689
    vertex 106.83663802464635 75.87497555054449 33.20371699999998
  endloop
endfacet
facet normal 0.0 -1.0 0.0
  outer loop
    vertex 73.98290239458835 75.87497555054449 32.78950343762689
    vertex 106.83663802464635 75.87497555054449 33.20371699999998
    vertex 74.30073963978414 75.87497555054449 33.20371699999999
  endloop
endfacet
facet normal 0.0 -1.0 0.0
  outer loop
    vertex 74.30073963978414 75.87497555054449 33.20371699999999
    vertex 106.83663802464635 75.87497555054449 33.20371699999998
    vertex 106.63683717963708 75.87497555054449 33.686078909794944
  endloop
endfacet
facet normal 0.0 -1.0 0.0
  outer loop
    vertex 74.30073963978414 75.87497555054449 33.20371699999999
    vertex 106.63683717963708 75.87497555054449 33.686078909794944
    vertex 74.5005404847934 75.87497555054449 33.68607890979495
  endloop
endfacet
facet normal 0.0 -1.0 0.0
  outer loop
    vertex 74.5005404847934 75.87497555054449 33.68607890979495
    vertex 106.63683717963708 75.87497555054449 33.686078909794944
    vertex 106.56868883221524 75.87497555054449 34.20371699999999
  endloop
endfacet
facet normal 0.0 -1.0 0.0
  outer loop
    vertex 74.5005404847934 75.87497555054449 33.68607890979495
    vertex 106.56868883221524 75.87497555054449 34.20371699999999
    vertex 74.56868883221526 75.87497555054449 34.20371699999999
  endloop
endfacet
facet normal 0.0 -1.0 0.0
  outer loop
    vertex 74.56868883221526 75.87497555054449 34.20371699999999
    vertex 106.56868883221524 75.87497555054449 34.20371699999999
    vertex 106.63683717963708 75.87497555054449 34.72135509020503
  endloop
endfacet
facet normal 0.0 -1.0 0.0
  outer loop
    vertex 74.56868883221526 75.87497555054449 34.20371699999999
    vertex 106.63683717963708 75.87497555054449 34.72135509020503
    vertex 74.5005404847934 75.87497555054449 34.72135509020503
  endloop
endfacet
facet normal 0.0 -1.0 0.0
  outer loop
    vertex 74.5005404847934 75.87497555054449 34.72135509020503
    vertex 106.63683717963708 75.87497555054449 34.72135509020503
    vertex 106.83663802464635 75.87497555054449 35.20371699999999
  endloop
endfacet
facet normal 0.0 -1.0 0.0
  outer loop
    vertex 74.5005404847934 75.87497555054449 34.72135509020503
    vertex 106.83663802464635 75.87497555054449 35.20371699999999
    vertex 74.30073963978414 75.87497555054449 35.20371699999999
  endloop
endfacet
facet normal 0.0 -1.0 0.0
  outer loop
    vertex 74.30073963978414 75.87497555054449 35.20371699999999
    vertex 106.83663802464635 75.87497555054449 35.20371699999999
    vertex 107.15447526984214 75.87497555054449 35.61793056237309
  endloop
endfacet
facet normal 0.0 -1.0 0.0
  outer loop
    vertex 74.30073963978414 75.87497555054449 35.20371699999999
    vertex 107.15447526984214 75.87497555054449 35.61793056237309
    vertex 73.98290239458835 75.87497555054449 35.61793056237309
  endloop
endfacet
facet normal 0.0 -1.0 0.0
  outer loop
    vertex 73.98290239458835 75.87497555054449 35.61793056237309
    vertex 107.15447526984214 75.87497555054449 35.61793056237309
    vertex 107.56868883221523 75.87497555054449 35.935767807568865
  endloop
endfacet
facet normal 0.0 -1.0 0.0
  outer loop
    vertex 73.98290239458835 75.87497555054449 35.61793056237309
    vertex 107.56868883221523 75.87497555054449 35.935767807568865
    vertex 73.56868883221526 75.87497555054449 35.935767807568865
  endloop
endfacet
facet normal 0.0 -1.0 0.0
  outer loop
    vertex 73.56868883221526 75.87497555054449 35.935767807568865
    vertex 107.56868883221523 75.87497555054449 35.935767807568865
    vertex 108.05105074201019 75.87497555054449 36.13556865257813
  endloop
endfacet
facet normal 0.0 -1.0 0.0
  outer loop
    vertex 73.56868883221526 75.87497555054449 35.935767807568865
    vertex 108.05105074201019 75.87497555054449 36.13556865257813
    vertex 73.0863269224203 75.87497555054449 36.13556865257813
  endloop
endfacet
facet normal 0.0 -1.0 0.0
  outer loop
    vertex 73.0863269224203 75.87497555054449 36.13556865257813
    vertex 108.05105074201019 75.87497555054449 36.13556865257813
    vertex 108.56868883221523 75.87497555054449 36.20371699999999
  endloop
endfacet
facet normal 0.0 -1.0 0.0
  outer loop
    vertex 73.0863269224203 75.87497555054449 36.13556865257813
    vertex 108.56868883221523 75.87497555054449 36.20371699999999
    vertex 72.56868883221526 75.87497555054449 36.20371699999999
  endloop
endfacet
facet normal 0.0 1.0 0.0
  outer loop
    vertex 131.3130580179997 8.874975550544482 3.0
    vertex 137.56868883221526 8.874975550544482 5.639932965095795e-15
    vertex 131.3130580179997 8.874975550544482 0.0
  endloop
endfacet
facet normal 0.0 1.0 0.0
  outer loop
    vertex 137.56868883221526 8.874975550544482 5.639932965095795e-15
    vertex 137.8243196464308 8.874975550544482 3.0
    vertex 137.8243196464308 8.874975550544482 0.0
  endloop
endfacet
facet normal 0.0 1.0 0.0
  outer loop
    vertex 137.8243196464308 8.874975550544482 3.0
    vertex 137.56868883221526 8.874975550544482 5.639932965095795e-15
    vertex 131.3130580179997 8.874975550544482 3.0
  endloop
endfacet
facet normal 1.0 0.0 0.0
  outer loop
    vertex 118.56868883221524 78.87497555054448 36.771024352302405
    vertex 118.56868883221524 75.87497555054449 48.20371699999998
    vertex 118.56868883221524 75.87497555054449 41.99999999999999
  endloop
endfacet
facet normal 1.0 0.0 0.0
  outer loop
    vertex 118.56868883221524 75.87497555054449 48.20371699999998
    vertex 118.56868883221524 78.87497555054448 36.771024352302405
    vertex 118.56868883221524 78.87497555054448 38.87798296834159
  endloop
endfacet
facet normal 0.19509032201612594 0.0 -0.980785280403231
  outer loop
    vertex 138.3451459675228 8.874975550544482 0.10222252113280055
    vertex 137.96026740887538 3.8749755505444834 0.025665415878574297
    vertex 137.96026740887538 8.874975550544482 0.025665415878574297
  endloop
endfacet
facet normal 0.19509032201612594 0.0 -0.980785280403231
  outer loop
    vertex 137.96026740887538 3.8749755505444834 0.025665415878574297
    vertex 138.3451459675228 8.874975550544482 0.10222252113280055
    vertex 138.3451459675228 3.8749755505444834 0.10222252113280055
  endloop
endfacet
facet normal 0.06113638896402976 -0.0010978126937501186 -0.9981288177142911
  outer loop
    vertex 137.8243196464308 8.874975550544482 0.0
    vertex 137.56868883221526 3.8749755505444834 5.639932965095795e-15
    vertex 137.56868883221526 8.874975550544482 5.639932965095795e-15
  endloop
endfacet
facet normal 0.06113638896402976 -0.0010978126937501186 -0.9981288177142911
  outer loop
    vertex 137.56868883221526 3.8749755505444834 5.639932965095795e-15
    vertex 137.8243196464308 8.874975550544482 0.0
    vertex 137.96026740887538 3.8749755505444834 0.025665415878574297
  endloop
endfacet
facet normal 0.06113638896402976 -0.0010978126937501186 -0.9981288177142911
  outer loop
    vertex 137.96026740887538 3.8749755505444834 0.025665415878574297
    vertex 137.8243196464308 8.874975550544482 0.0
    vertex 137.96026740887538 8.874975550544482 0.025665415878574297
  endloop
endfacet
facet normal 0.9978589232386025 0.0 -0.06540312923015904
  outer loop
    vertex 140.54302341633667 8.874975550544482 2.608421423339846
    vertex 140.56868883221523 3.8749755505444834 3.0
    vertex 140.54302341633667 3.8749755505444834 2.608421423339846
  endloop
endfacet
facet normal 0.9978589232386025 0.0 -0.06540312923015904
  outer loop
    vertex 140.56868883221523 3.8749755505444834 3.0
    vertex 140.54302341633667 8.874975550544482 2.608421423339846
    vertex 140.56868883221523 8.874975550544482 3.0
  endloop
endfacet
facet normal 0.8314696123025453 0.0 -0.555570233019602
  outer loop
    vertex 139.94874885308894 8.874975550544482 1.173715712973842
    vertex 140.16676504356855 3.8749755505444834 1.500000000000003
    vertex 139.94874885308894 3.8749755505444834 1.173715712973842
  endloop
endfacet
facet normal 0.8314696123025453 0.0 -0.555570233019602
  outer loop
    vertex 140.16676504356855 3.8749755505444834 1.500000000000003
    vertex 139.94874885308894 8.874975550544482 1.173715712973842
    vertex 140.16676504356855 8.874975550544482 1.500000000000003
  endloop
endfacet
facet normal 0.5555702330196101 0.0 -0.83146961230254
  outer loop
    vertex 139.3949731192414 8.874975550544482 0.6199399791262994
    vertex 139.06868883221526 3.8749755505444834 0.401923788646689
    vertex 139.06868883221526 8.874975550544482 0.401923788646689
  endloop
endfacet
facet normal 0.5555702330196101 0.0 -0.83146961230254
  outer loop
    vertex 139.06868883221526 3.8749755505444834 0.401923788646689
    vertex 139.3949731192414 8.874975550544482 0.6199399791262994
    vertex 139.3949731192414 3.8749755505444834 0.6199399791262994
  endloop
endfacet
facet normal 0.32143946530315876 0.0 -0.9469301294951067
  outer loop
    vertex 138.71673912931053 8.874975550544482 0.2283614024661449
    vertex 138.3451459675228 3.8749755505444834 0.10222252113280055
    vertex 138.3451459675228 8.874975550544482 0.10222252113280055
  endloop
endfacet
facet normal 0.32143946530315876 0.0 -0.9469301294951067
  outer loop
    vertex 138.3451459675228 3.8749755505444834 0.10222252113280055
    vertex 138.71673912931053 8.874975550544482 0.2283614024661449
    vertex 138.71673912931053 3.8749755505444834 0.2283614024661449
  endloop
endfacet
facet normal 2.0248266338593123e-15 -1.0 -1.9184117352874373e-16
  outer loop
    vertex 137.96026740887538 19.874975550544477 0.02566541587856866
    vertex 134.56868883221526 19.87497555054447 0.0
    vertex 137.56868883221526 19.874975550544477 -3.524958103184872e-16
  endloop
endfacet
facet normal 2.0248266338593123e-15 -1.0 -1.9184117352874373e-16
  outer loop
    vertex 134.56868883221526 19.87497555054447 0.0
    vertex 137.96026740887538 19.874975550544477 0.02566541587856866
    vertex 134.56868883221526 19.87497555054447 3.0
  endloop
endfacet
facet normal 2.0248266338593123e-15 -1.0 -1.9184117352874373e-16
  outer loop
    vertex 134.56868883221526 19.87497555054447 3.0
    vertex 137.96026740887538 19.874975550544477 0.02566541587856866
    vertex 138.3451459675228 19.87497555054448 0.10222252113279491
  endloop
endfacet
facet normal 2.0248266338593123e-15 -1.0 -1.9184117352874373e-16
  outer loop
    vertex 134.56868883221526 19.87497555054447 3.0
    vertex 138.3451459675228 19.87497555054448 0.10222252113279491
    vertex 138.71673912931053 19.87497555054448 0.22836140246613962
  endloop
endfacet
facet normal 2.0248266338593123e-15 -1.0 -1.9184117352874373e-16
  outer loop
    vertex 134.56868883221526 19.87497555054447 3.0
    vertex 138.71673912931053 19.87497555054448 0.22836140246613962
    vertex 139.06868883221526 19.87497555054448 0.40192378864668404
  endloop
endfacet
facet normal 2.0248266338593123e-15 -1.0 -1.9184117352874373e-16
  outer loop
    vertex 134.56868883221526 19.87497555054447 3.0
    vertex 139.06868883221526 19.87497555054448 0.40192378864668404
    vertex 139.3949731192414 19.874975550544484 0.6199399791262945
  endloop
endfacet
facet normal 2.0248266338593123e-15 -1.0 -1.9184117352874373e-16
  outer loop
    vertex 134.56868883221526 19.87497555054447 3.0
    vertex 139.3949731192414 19.874975550544484 0.6199399791262945
    vertex 139.6900091757749 19.874975550544484 0.8786796564403572
  endloop
endfacet
facet normal 2.0248266338593123e-15 -1.0 -1.9184117352874373e-16
  outer loop
    vertex 134.56868883221526 19.87497555054447 3.0
    vertex 139.6900091757749 19.874975550544484 0.8786796564403572
    vertex 139.94874885308897 19.874975550544484 1.1737157129738385
  endloop
endfacet
facet normal 2.0248266338593123e-15 -1.0 -1.9184117352874373e-16
  outer loop
    vertex 134.56868883221526 19.87497555054447 3.0
    vertex 139.94874885308897 19.874975550544484 1.1737157129738385
    vertex 140.16676504356857 19.874975550544484 1.5000000000000004
  endloop
endfacet
facet normal 2.0248266338593123e-15 -1.0 -1.9184117352874373e-16
  outer loop
    vertex 134.56868883221526 19.87497555054447 3.0
    vertex 140.16676504356857 19.874975550544484 1.5000000000000004
    vertex 140.3403274297491 19.874975550544484 1.851949702904731
  endloop
endfacet
facet normal 2.0248266338593123e-15 -1.0 -1.9184117352874373e-16
  outer loop
    vertex 134.56868883221526 19.87497555054447 3.0
    vertex 140.3403274297491 19.874975550544484 1.851949702904731
    vertex 140.46646631108246 19.874975550544484 2.2235428646924382
  endloop
endfacet
facet normal 2.0248266338593123e-15 -1.0 -1.9184117352874373e-16
  outer loop
    vertex 134.56868883221526 19.87497555054447 3.0
    vertex 140.46646631108246 19.874975550544484 2.2235428646924382
    vertex 140.54302341633667 19.874975550544484 2.6084214233398457
  endloop
endfacet
facet normal 2.0248266338593123e-15 -1.0 -1.9184117352874373e-16
  outer loop
    vertex 134.56868883221526 19.87497555054447 3.0
    vertex 140.54302341633667 19.874975550544484 2.6084214233398457
    vertex 140.56868883221523 19.874975550544484 3.0
  endloop
endfacet
facet normal 0.896872741532674 0.0 -0.44228869021903033
  outer loop
    vertex 140.16676504356855 8.874975550544482 1.500000000000003
    vertex 140.3403274297491 3.8749755505444834 1.8519497029047332
    vertex 140.16676504356855 3.8749755505444834 1.500000000000003
  endloop
endfacet
facet normal 0.896872741532674 0.0 -0.44228869021903033
  outer loop
    vertex 140.3403274297491 3.8749755505444834 1.8519497029047332
    vertex 140.16676504356855 8.874975550544482 1.500000000000003
    vertex 140.3403274297491 8.874975550544482 1.8519497029047332
  endloop
endfacet
facet normal 0.9807852804032361 0.0 -0.19509032201609966
  outer loop
    vertex 140.46646631108246 8.874975550544482 2.223542864692439
    vertex 140.54302341633667 3.8749755505444834 2.608421423339846
    vertex 140.46646631108246 3.8749755505444834 2.223542864692439
  endloop
endfacet
facet normal 0.9807852804032361 0.0 -0.19509032201609966
  outer loop
    vertex 140.54302341633667 3.8749755505444834 2.608421423339846
    vertex 140.46646631108246 8.874975550544482 2.223542864692439
    vertex 140.54302341633667 8.874975550544482 2.608421423339846
  endloop
endfacet
facet normal 0.9469301294951042 0.0 -0.32143946530316575
  outer loop
    vertex 140.3403274297491 8.874975550544482 1.8519497029047332
    vertex 140.46646631108246 3.8749755505444834 2.223542864692439
    vertex 140.3403274297491 3.8749755505444834 1.8519497029047332
  endloop
endfacet
facet normal 0.9469301294951042 0.0 -0.32143946530316575
  outer loop
    vertex 140.46646631108246 3.8749755505444834 2.223542864692439
    vertex 140.3403274297491 8.874975550544482 1.8519497029047332
    vertex 140.46646631108246 8.874975550544482 2.223542864692439
  endloop
endfacet
facet normal 0.6593458151000494 0.0 -0.7518398074789944
  outer loop
    vertex 139.6900091757749 8.874975550544482 0.8786796564403618
    vertex 139.3949731192414 3.8749755505444834 0.6199399791262994
    vertex 139.3949731192414 8.874975550544482 0.6199399791262994
  endloop
endfacet
facet normal 0.6593458151000494 0.0 -0.7518398074789944
  outer loop
    vertex 139.3949731192414 3.8749755505444834 0.6199399791262994
    vertex 139.6900091757749 8.874975550544482 0.8786796564403618
    vertex 139.6900091757749 3.8749755505444834 0.8786796564403618
  endloop
endfacet
facet normal 0.4422886902190012 0.0 -0.8968727415326883
  outer loop
    vertex 139.06868883221526 8.874975550544482 0.401923788646689
    vertex 138.71673912931053 3.8749755505444834 0.2283614024661449
    vertex 138.71673912931053 8.874975550544482 0.2283614024661449
  endloop
endfacet
facet normal 0.4422886902190012 0.0 -0.8968727415326883
  outer loop
    vertex 138.71673912931053 3.8749755505444834 0.2283614024661449
    vertex 139.06868883221526 8.874975550544482 0.401923788646689
    vertex 139.06868883221526 3.8749755505444834 0.401923788646689
  endloop
endfacet
facet normal 0.7518398074790021 0.0 -0.6593458151000408
  outer loop
    vertex 139.6900091757749 8.874975550544482 0.8786796564403618
    vertex 139.94874885308894 3.8749755505444834 1.173715712973842
    vertex 139.6900091757749 3.8749755505444834 0.8786796564403618
  endloop
endfacet
facet normal 0.7518398074790021 0.0 -0.6593458151000408
  outer loop
    vertex 139.94874885308894 3.8749755505444834 1.173715712973842
    vertex 139.6900091757749 8.874975550544482 0.8786796564403618
    vertex 139.94874885308894 8.874975550544482 1.173715712973842
  endloop
endfacet
facet normal 0.32143946530315953 9.147164006578205e-16 -0.9469301294951065
  outer loop
    vertex 138.7167391293105 32.87497555054446 0.22836140246614287
    vertex 138.3451459675228 19.87497555054448 0.10222252113279491
    vertex 138.3451459675228 32.87497555054446 0.10222252113279817
  endloop
endfacet
facet normal 0.32143946530315953 9.147164006578205e-16 -0.9469301294951065
  outer loop
    vertex 138.3451459675228 19.87497555054448 0.10222252113279491
    vertex 138.7167391293105 32.87497555054446 0.22836140246614287
    vertex 138.71673912931053 19.87497555054448 0.22836140246613962
  endloop
endfacet
facet normal 0.8314696123025461 1.891237870886833e-15 -0.555570233019601
  outer loop
    vertex 139.94874885308894 32.87497555054446 1.1737157129738416
    vertex 140.16676504356857 19.874975550544484 1.5000000000000004
    vertex 139.94874885308897 19.874975550544484 1.1737157129738385
  endloop
endfacet
facet normal 0.8314696123025461 1.891237870886833e-15 -0.555570233019601
  outer loop
    vertex 140.16676504356857 19.874975550544484 1.5000000000000004
    vertex 139.94874885308894 32.87497555054446 1.1737157129738416
    vertex 140.16676504356855 32.87497555054446 1.5000000000000036
  endloop
endfacet
facet normal 0.7518398074789747 1.7494757936893754e-15 -0.6593458151000718
  outer loop
    vertex 139.69000917577486 32.87497555054446 0.8786796564403604
    vertex 139.94874885308897 19.874975550544484 1.1737157129738385
    vertex 139.6900091757749 19.874975550544484 0.8786796564403572
  endloop
endfacet
facet normal 0.7518398074789747 1.7494757936893754e-15 -0.6593458151000718
  outer loop
    vertex 139.94874885308897 19.874975550544484 1.1737157129738385
    vertex 139.69000917577486 32.87497555054446 0.8786796564403604
    vertex 139.94874885308894 32.87497555054446 1.1737157129738416
  endloop
endfacet
facet normal 0.5555702330196101 1.379087359421081e-15 -0.83146961230254
  outer loop
    vertex 139.39497311924137 32.87497555054446 0.6199399791262977
    vertex 139.06868883221526 19.87497555054448 0.40192378864668404
    vertex 139.06868883221523 32.87497555054446 0.4019237886466873
  endloop
endfacet
facet normal 0.5555702330196101 1.379087359421081e-15 -0.83146961230254
  outer loop
    vertex 139.06868883221526 19.87497555054448 0.40192378864668404
    vertex 139.39497311924137 32.87497555054446 0.6199399791262977
    vertex 139.3949731192414 19.874975550544484 0.6199399791262945
  endloop
endfacet
facet normal 0.19509032201612594 6.569832989414822e-16 -0.980785280403231
  outer loop
    vertex 138.3451459675228 32.87497555054446 0.10222252113279817
    vertex 137.96026740887538 19.874975550544477 0.02566541587856866
    vertex 137.96026740887538 32.87497555054446 0.025665415878571917
  endloop
endfacet
facet normal 0.19509032201612594 6.569832989414822e-16 -0.980785280403231
  outer loop
    vertex 137.96026740887538 19.874975550544477 0.02566541587856866
    vertex 138.3451459675228 32.87497555054446 0.10222252113279817
    vertex 138.3451459675228 19.87497555054448 0.10222252113279491
  endloop
endfacet
facet normal 0.06540312923014525 3.637615907636252e-16 -0.9978589232386034
  outer loop
    vertex 137.96026740887538 32.87497555054446 0.025665415878571917
    vertex 137.56868883221526 19.874975550544477 -3.524958103184872e-16
    vertex 137.56868883221523 32.87497555054446 2.9071148006682014e-15
  endloop
endfacet
facet normal 0.06540312923014525 3.637615907636252e-16 -0.9978589232386034
  outer loop
    vertex 137.56868883221526 19.874975550544477 -3.524958103184872e-16
    vertex 137.96026740887538 32.87497555054446 0.025665415878571917
    vertex 137.96026740887538 19.874975550544477 0.02566541587856866
  endloop
endfacet
facet normal 0.6593458151000501 1.5777797006155417e-15 -0.751839807478994
  outer loop
    vertex 139.69000917577486 32.87497555054446 0.8786796564403604
    vertex 139.3949731192414 19.874975550544484 0.6199399791262945
    vertex 139.39497311924137 32.87497555054446 0.6199399791262977
  endloop
endfacet
facet normal 0.6593458151000501 1.5777797006155417e-15 -0.751839807478994
  outer loop
    vertex 139.3949731192414 19.874975550544484 0.6199399791262945
    vertex 139.69000917577486 32.87497555054446 0.8786796564403604
    vertex 139.6900091757749 19.874975550544484 0.8786796564403572
  endloop
endfacet
facet normal 0.44228869021900197 1.1567984511516102e-15 -0.896872741532688
  outer loop
    vertex 139.06868883221523 32.87497555054446 0.4019237886466873
    vertex 138.71673912931053 19.87497555054448 0.22836140246613962
    vertex 138.7167391293105 32.87497555054446 0.22836140246614287
  endloop
endfacet
facet normal 0.44228869021900197 1.1567984511516102e-15 -0.896872741532688
  outer loop
    vertex 138.71673912931053 19.87497555054448 0.22836140246613962
    vertex 139.06868883221523 32.87497555054446 0.4019237886466873
    vertex 139.06868883221526 19.87497555054448 0.40192378864668404
  endloop
endfacet
facet normal 0.9469301294951047 2.0758113056755034e-15 -0.321439465303165
  outer loop
    vertex 140.3403274297491 32.87497555054446 1.8519497029047343
    vertex 140.46646631108246 19.874975550544484 2.2235428646924382
    vertex 140.3403274297491 19.874975550544484 1.851949702904731
  endloop
endfacet
facet normal 0.9469301294951047 2.0758113056755034e-15 -0.321439465303165
  outer loop
    vertex 140.46646631108246 19.874975550544484 2.2235428646924382
    vertex 140.3403274297491 32.87497555054446 1.8519497029047343
    vertex 140.46646631108243 32.87497555054446 2.2235428646924413
  endloop
endfacet
facet normal -0.32143946530315953 -0.0 -0.9469301294951065
  outer loop
    vertex 42.792231696907685 32.87497555054448 0.1022225211327956
    vertex 42.42063853511998 19.874975550544484 0.2283614024661403
    vertex 42.42063853511998 32.87497555054448 0.2283614024661403
  endloop
endfacet
facet normal -0.32143946530315953 -0.0 -0.9469301294951065
  outer loop
    vertex 42.42063853511998 19.874975550544484 0.2283614024661403
    vertex 42.792231696907685 32.87497555054448 0.1022225211327956
    vertex 42.792231696907685 19.874975550544484 0.1022225211327956
  endloop
endfacet
facet normal -0.4422886902190012 -0.0 -0.8968727415326883
  outer loop
    vertex 42.42063853511998 32.87497555054448 0.2283614024661403
    vertex 42.068688832215244 19.874975550544484 0.4019237886466844
    vertex 42.068688832215244 32.87497555054448 0.4019237886466844
  endloop
endfacet
facet normal -0.4422886902190012 -0.0 -0.8968727415326883
  outer loop
    vertex 42.068688832215244 19.874975550544484 0.4019237886466844
    vertex 42.42063853511998 32.87497555054448 0.2283614024661403
    vertex 42.42063853511998 19.874975550544484 0.2283614024661403
  endloop
endfacet
facet normal -0.06540312923014338 0.0 -0.9978589232386036
  outer loop
    vertex 43.568688832215244 32.87497555054448 3.524958103184872e-16
    vertex 43.17711025555509 19.874975550544484 0.025665415878569364
    vertex 43.17711025555509 32.87497555054448 0.025665415878569364
  endloop
endfacet
facet normal -0.06540312923014338 0.0 -0.9978589232386036
  outer loop
    vertex 43.17711025555509 19.874975550544484 0.025665415878569364
    vertex 43.568688832215244 32.87497555054448 3.524958103184872e-16
    vertex 43.568688832215244 19.874975550544484 3.524958103184872e-16
  endloop
endfacet
facet normal 0.0 -1.0 0.0
  outer loop
    vertex 140.56868883221523 3.8749755505444834 15.999999999999998
    vertex 125.56868883221524 3.8749755505444834 3.0
    vertex 140.56868883221523 3.8749755505444834 3.0
  endloop
endfacet
facet normal 0.0 -1.0 0.0
  outer loop
    vertex 125.56868883221524 3.8749755505444834 3.0
    vertex 140.56868883221523 3.8749755505444834 15.999999999999998
    vertex 125.56868883221524 3.8749755505444834 15.999999999999998
  endloop
endfacet
facet normal 0.0 -1.0 0.0
  outer loop
    vertex 109.56868883221526 3.8749755505444834 15.999999999999998
    vertex 106.56868883221526 3.8749755505444834 3.0
    vertex 109.56868883221526 3.8749755505444834 3.0
  endloop
endfacet
facet normal 0.0 -1.0 0.0
  outer loop
    vertex 106.56868883221526 3.8749755505444834 3.0
    vertex 109.56868883221526 3.8749755505444834 15.999999999999998
    vertex 106.56868883221526 3.8749755505444834 15.999999999999998
  endloop
endfacet
facet normal 0.0 -1.0 0.0
  outer loop
    vertex 74.56868883221523 3.8749755505444834 15.999999999999998
    vertex 71.56868883221523 3.8749755505444834 3.0
    vertex 74.56868883221523 3.8749755505444834 3.0
  endloop
endfacet
facet normal 0.0 -1.0 0.0
  outer loop
    vertex 71.56868883221523 3.8749755505444834 3.0
    vertex 74.56868883221523 3.8749755505444834 15.999999999999998
    vertex 71.56868883221523 3.8749755505444834 15.999999999999998
  endloop
endfacet
facet normal 0.0 -1.0 0.0
  outer loop
    vertex 137.96026740887538 3.8749755505444834 0.025665415878574297
    vertex 43.568688832215244 3.8749755505444834 5.639932965095795e-15
    vertex 137.56868883221526 3.8749755505444834 5.639932965095795e-15
  endloop
endfacet
facet normal 0.0 -1.0 0.0
  outer loop
    vertex 43.568688832215244 3.8749755505444834 5.639932965095795e-15
    vertex 137.96026740887538 3.8749755505444834 0.025665415878574297
    vertex 43.17711025555509 3.8749755505444834 0.025665415878573947
  endloop
endfacet
facet normal 0.0 -1.0 0.0
  outer loop
    vertex 43.17711025555509 3.8749755505444834 0.025665415878573947
    vertex 137.96026740887538 3.8749755505444834 0.025665415878574297
    vertex 42.792231696907685 3.8749755505444834 0.10222252113279949
  endloop
endfacet
facet normal 0.0 -1.0 0.0
  outer loop
    vertex 42.792231696907685 3.8749755505444834 0.10222252113279949
    vertex 137.96026740887538 3.8749755505444834 0.025665415878574297
    vertex 138.3451459675228 3.8749755505444834 0.10222252113280055
  endloop
endfacet
facet normal 0.0 -1.0 0.0
  outer loop
    vertex 42.792231696907685 3.8749755505444834 0.10222252113279949
    vertex 138.3451459675228 3.8749755505444834 0.10222252113280055
    vertex 42.42063853511998 3.8749755505444834 0.22836140246614348
  endloop
endfacet
facet normal 0.0 -1.0 0.0
  outer loop
    vertex 42.42063853511998 3.8749755505444834 0.22836140246614348
    vertex 138.3451459675228 3.8749755505444834 0.10222252113280055
    vertex 138.71673912931053 3.8749755505444834 0.2283614024661449
  endloop
endfacet
facet normal 0.0 -1.0 0.0
  outer loop
    vertex 42.42063853511998 3.8749755505444834 0.22836140246614348
    vertex 138.71673912931053 3.8749755505444834 0.2283614024661449
    vertex 42.06868883221525 3.8749755505444834 0.4019237886466872
  endloop
endfacet
facet normal 0.0 -1.0 0.0
  outer loop
    vertex 42.06868883221525 3.8749755505444834 0.4019237886466872
    vertex 138.71673912931053 3.8749755505444834 0.2283614024661449
    vertex 139.06868883221526 3.8749755505444834 0.401923788646689
  endloop
endfacet
facet normal 0.0 -1.0 0.0
  outer loop
    vertex 42.06868883221525 3.8749755505444834 0.4019237886466872
    vertex 139.06868883221526 3.8749755505444834 0.401923788646689
    vertex 41.74240454518908 3.8749755505444834 0.619939979126297
  endloop
endfacet
facet normal 0.0 -1.0 0.0
  outer loop
    vertex 41.74240454518908 3.8749755505444834 0.619939979126297
    vertex 139.06868883221526 3.8749755505444834 0.401923788646689
    vertex 139.3949731192414 3.8749755505444834 0.6199399791262994
  endloop
endfacet
facet normal 0.0 -1.0 0.0
  outer loop
    vertex 41.74240454518908 3.8749755505444834 0.619939979126297
    vertex 139.3949731192414 3.8749755505444834 0.6199399791262994
    vertex 41.447368488655606 3.8749755505444834 0.8786796564403593
  endloop
endfacet
facet normal 0.0 -1.0 0.0
  outer loop
    vertex 41.447368488655606 3.8749755505444834 0.8786796564403593
    vertex 139.3949731192414 3.8749755505444834 0.6199399791262994
    vertex 139.6900091757749 3.8749755505444834 0.8786796564403618
  endloop
endfacet
facet normal 0.0 -1.0 0.0
  outer loop
    vertex 41.447368488655606 3.8749755505444834 0.8786796564403593
    vertex 139.6900091757749 3.8749755505444834 0.8786796564403618
    vertex 41.18862881134154 3.8749755505444834 1.1737157129738398
  endloop
endfacet
facet normal 0.0 -1.0 0.0
  outer loop
    vertex 41.18862881134154 3.8749755505444834 1.1737157129738398
    vertex 139.6900091757749 3.8749755505444834 0.8786796564403618
    vertex 139.94874885308894 3.8749755505444834 1.173715712973842
  endloop
endfacet
facet normal 0.0 -1.0 0.0
  outer loop
    vertex 41.18862881134154 3.8749755505444834 1.1737157129738398
    vertex 139.94874885308894 3.8749755505444834 1.173715712973842
    vertex 40.97061262086193 3.8749755505444834 1.5000000000000013
  endloop
endfacet
facet normal 0.0 -1.0 0.0
  outer loop
    vertex 40.97061262086193 3.8749755505444834 1.5000000000000013
    vertex 139.94874885308894 3.8749755505444834 1.173715712973842
    vertex 140.16676504356855 3.8749755505444834 1.500000000000003
  endloop
endfacet
facet normal 0.0 -1.0 0.0
  outer loop
    vertex 40.97061262086193 3.8749755505444834 1.5000000000000013
    vertex 140.16676504356855 3.8749755505444834 1.500000000000003
    vertex 40.797050234681386 3.8749755505444834 1.8519497029047318
  endloop
endfacet
facet normal 0.0 -1.0 0.0
  outer loop
    vertex 40.797050234681386 3.8749755505444834 1.8519497029047318
    vertex 140.16676504356855 3.8749755505444834 1.500000000000003
    vertex 140.3403274297491 3.8749755505444834 1.8519497029047332
  endloop
endfacet
facet normal 0.0 -1.0 0.0
  outer loop
    vertex 40.797050234681386 3.8749755505444834 1.8519497029047318
    vertex 140.3403274297491 3.8749755505444834 1.8519497029047332
    vertex 40.67091135334804 3.8749755505444834 2.2235428646924382
  endloop
endfacet
facet normal 0.0 -1.0 0.0
  outer loop
    vertex 40.67091135334804 3.8749755505444834 2.2235428646924382
    vertex 140.3403274297491 3.8749755505444834 1.8519497029047332
    vertex 140.46646631108246 3.8749755505444834 2.223542864692439
  endloop
endfacet
facet normal 0.0 -1.0 0.0
  outer loop
    vertex 40.67091135334804 3.8749755505444834 2.2235428646924382
    vertex 140.46646631108246 3.8749755505444834 2.223542864692439
    vertex 40.594354248093815 3.8749755505444834 2.6084214233398457
  endloop
endfacet
facet normal 0.0 -1.0 0.0
  outer loop
    vertex 40.594354248093815 3.8749755505444834 2.6084214233398457
    vertex 140.46646631108246 3.8749755505444834 2.223542864692439
    vertex 140.54302341633667 3.8749755505444834 2.608421423339846
  endloop
endfacet
facet normal 0.0 -1.0 0.0
  outer loop
    vertex 40.594354248093815 3.8749755505444834 2.6084214233398457
    vertex 140.54302341633667 3.8749755505444834 2.608421423339846
    vertex 40.568688832215244 3.8749755505444834 3.0
  endloop
endfacet
facet normal 0.0 -1.0 0.0
  outer loop
    vertex 40.568688832215244 3.8749755505444834 3.0
    vertex 140.54302341633667 3.8749755505444834 2.608421423339846
    vertex 140.56868883221523 3.8749755505444834 3.0
  endloop
endfacet
facet normal 0.0 -1.0 0.0
  outer loop
    vertex 40.568688832215244 3.8749755505444834 3.0
    vertex 140.56868883221523 3.8749755505444834 3.0
    vertex 125.56868883221524 3.8749755505444834 3.0
  endloop
endfacet
facet normal 0.0 -1.0 0.0
  outer loop
    vertex 40.568688832215244 3.8749755505444834 3.0
    vertex 125.56868883221524 3.8749755505444834 3.0
    vertex 109.56868883221526 3.8749755505444834 3.0
  endloop
endfacet
facet normal 0.0 -1.0 0.0
  outer loop
    vertex 40.568688832215244 3.8749755505444834 3.0
    vertex 109.56868883221526 3.8749755505444834 3.0
    vertex 106.56868883221526 3.8749755505444834 3.0
  endloop
endfacet
facet normal 0.0 -1.0 0.0
  outer loop
    vertex 40.568688832215244 3.8749755505444834 3.0
    vertex 106.56868883221526 3.8749755505444834 3.0
    vertex 74.56868883221523 3.8749755505444834 3.0
  endloop
endfacet
facet normal 0.0 -1.0 0.0
  outer loop
    vertex 40.568688832215244 3.8749755505444834 3.0
    vertex 74.56868883221523 3.8749755505444834 3.0
    vertex 71.56868883221523 3.8749755505444834 3.0
  endloop
endfacet
facet normal 0.0 -1.0 0.0
  outer loop
    vertex 40.568688832215244 3.8749755505444834 3.0
    vertex 71.56868883221523 3.8749755505444834 3.0
    vertex 55.568688832215244 3.8749755505444834 3.0
  endloop
endfacet
facet normal 0.0 -1.0 0.0
  outer loop
    vertex 40.568688832215244 3.8749755505444834 3.0
    vertex 55.568688832215244 3.8749755505444834 3.0
    vertex 55.568688832215244 3.8749755505444834 15.999999999999998
  endloop
endfacet
facet normal 0.0 -1.0 0.0
  outer loop
    vertex 40.568688832215244 3.8749755505444834 3.0
    vertex 55.568688832215244 3.8749755505444834 15.999999999999998
    vertex 40.568688832215244 3.8749755505444834 15.999999999999998
  endloop
endfacet
facet normal 0.9978589232386007 8.738243419993719e-16 -0.06540312923018783
  outer loop
    vertex 140.54302341633664 32.87497555054446 2.608421423339849
    vertex 140.56868883221523 19.874975550544484 3.0
    vertex 140.54302341633667 19.874975550544484 2.6084214233398457
  endloop
endfacet
facet normal 0.9978589232386007 8.738243419993719e-16 -0.06540312923018783
  outer loop
    vertex 140.56868883221523 19.874975550544484 3.0
    vertex 140.54302341633664 32.87497555054446 2.608421423339849
    vertex 140.56868883221523 32.87497555054448 3.0
  endloop
endfacet
facet normal 0.9807852804032361 2.1154645606240732e-15 -0.1950903220160995
  outer loop
    vertex 140.46646631108243 32.87497555054446 2.2235428646924413
    vertex 140.54302341633667 19.874975550544484 2.6084214233398457
    vertex 140.46646631108246 19.874975550544484 2.2235428646924382
  endloop
endfacet
facet normal 0.9807852804032361 2.1154645606240732e-15 -0.1950903220160995
  outer loop
    vertex 140.54302341633667 19.874975550544484 2.6084214233398457
    vertex 140.46646631108243 32.87497555054446 2.2235428646924413
    vertex 140.54302341633664 32.87497555054446 2.608421423339849
  endloop
endfacet
facet normal 0.896872741532697 2.0006403437632243e-15 -0.44228869021898354
  outer loop
    vertex 140.16676504356855 32.87497555054446 1.5000000000000036
    vertex 140.3403274297491 19.874975550544484 1.851949702904731
    vertex 140.16676504356857 19.874975550544484 1.5000000000000004
  endloop
endfacet
facet normal 0.896872741532697 2.0006403437632243e-15 -0.44228869021898354
  outer loop
    vertex 140.3403274297491 19.874975550544484 1.851949702904731
    vertex 140.16676504356855 32.87497555054446 1.5000000000000036
    vertex 140.3403274297491 32.87497555054446 1.8519497029047343
  endloop
endfacet
facet normal -0.1950903220161287 -0.0 -0.9807852804032304
  outer loop
    vertex 43.17711025555509 32.87497555054448 0.025665415878569364
    vertex 42.792231696907685 19.874975550544484 0.1022225211327956
    vertex 42.792231696907685 32.87497555054448 0.1022225211327956
  endloop
endfacet
facet normal -0.1950903220161287 -0.0 -0.9807852804032304
  outer loop
    vertex 42.792231696907685 19.874975550544484 0.1022225211327956
    vertex 43.17711025555509 32.87497555054448 0.025665415878569364
    vertex 43.17711025555509 19.874975550544484 0.025665415878569364
  endloop
endfacet
facet normal -0.5555702330196028 -0.0 -0.8314696123025449
  outer loop
    vertex 42.068688832215244 32.87497555054448 0.4019237886466844
    vertex 41.74240454518908 19.874975550544484 0.6199399791262945
    vertex 41.74240454518908 32.87497555054448 0.6199399791262945
  endloop
endfacet
facet normal -0.5555702330196028 -0.0 -0.8314696123025449
  outer loop
    vertex 41.74240454518908 19.874975550544484 0.6199399791262945
    vertex 42.068688832215244 32.87497555054448 0.4019237886466844
    vertex 42.068688832215244 19.874975550544484 0.4019237886466844
  endloop
endfacet
facet normal -0.6593458151000724 -0.0 -0.7518398074789744
  outer loop
    vertex 41.74240454518908 32.87497555054448 0.6199399791262945
    vertex 41.447368488655606 19.874975550544484 0.878679656440358
    vertex 41.447368488655606 32.87497555054448 0.878679656440358
  endloop
endfacet
facet normal -0.6593458151000724 -0.0 -0.7518398074789744
  outer loop
    vertex 41.447368488655606 19.874975550544484 0.878679656440358
    vertex 41.74240454518908 32.87497555054448 0.6199399791262945
    vertex 41.74240454518908 19.874975550544484 0.6199399791262945
  endloop
endfacet
facet normal -0.8314696123025462 -0.0 -0.5555702330196007
  outer loop
    vertex 40.97061262086193 32.87497555054448 1.5000000000000002
    vertex 41.18862881134154 19.874975550544484 1.173715712973838
    vertex 40.97061262086193 19.874975550544484 1.5000000000000002
  endloop
endfacet
facet normal -0.8314696123025462 -0.0 -0.5555702330196007
  outer loop
    vertex 41.18862881134154 19.874975550544484 1.173715712973838
    vertex 40.97061262086193 32.87497555054448 1.5000000000000002
    vertex 41.18862881134154 32.87497555054448 1.173715712973838
  endloop
endfacet
facet normal -0.8968727415326916 -0.0 -0.442288690218995
  outer loop
    vertex 40.797050234681386 32.87497555054448 1.851949702904731
    vertex 40.97061262086193 19.874975550544484 1.5000000000000002
    vertex 40.797050234681386 19.874975550544484 1.851949702904731
  endloop
endfacet
facet normal -0.8968727415326916 -0.0 -0.442288690218995
  outer loop
    vertex 40.97061262086193 19.874975550544484 1.5000000000000002
    vertex 40.797050234681386 32.87497555054448 1.851949702904731
    vertex 40.97061262086193 32.87497555054448 1.5000000000000002
  endloop
endfacet
facet normal -0.7518398074789737 -0.0 -0.6593458151000733
  outer loop
    vertex 41.18862881134154 32.87497555054448 1.173715712973838
    vertex 41.447368488655606 19.874975550544484 0.878679656440358
    vertex 41.18862881134154 19.874975550544484 1.173715712973838
  endloop
endfacet
facet normal -0.7518398074789737 -0.0 -0.6593458151000733
  outer loop
    vertex 41.447368488655606 19.874975550544484 0.878679656440358
    vertex 41.18862881134154 32.87497555054448 1.173715712973838
    vertex 41.447368488655606 32.87497555054448 0.878679656440358
  endloop
endfacet
facet normal -0.9807852804032308 -0.0 -0.19509032201612717
  outer loop
    vertex 40.594354248093815 32.87497555054448 2.6084214233398453
    vertex 40.67091135334804 19.874975550544484 2.223542864692438
    vertex 40.594354248093815 19.874975550544484 2.6084214233398453
  endloop
endfacet
facet normal -0.9807852804032308 -0.0 -0.19509032201612717
  outer loop
    vertex 40.67091135334804 19.874975550544484 2.223542864692438
    vertex 40.594354248093815 32.87497555054448 2.6084214233398453
    vertex 40.67091135334804 32.87497555054448 2.223542864692438
  endloop
endfacet
facet normal -0.061136388964027316 -0.0010978126937500974 -0.9981288177142913
  outer loop
    vertex 43.313058017999694 8.874975550544482 0.0
    vertex 43.17711025555509 3.8749755505444834 0.025665415878573947
    vertex 43.17711025555509 8.874975550544482 0.025665415878573947
  endloop
endfacet
facet normal -0.061136388964027316 -0.0010978126937500974 -0.9981288177142913
  outer loop
    vertex 43.17711025555509 3.8749755505444834 0.025665415878573947
    vertex 43.313058017999694 8.874975550544482 0.0
    vertex 43.568688832215244 3.8749755505444834 5.639932965095795e-15
  endloop
endfacet
facet normal -0.061136388964027316 -0.0010978126937500974 -0.9981288177142913
  outer loop
    vertex 43.568688832215244 3.8749755505444834 5.639932965095795e-15
    vertex 43.313058017999694 8.874975550544482 0.0
    vertex 43.568688832215244 8.874975550544482 5.639932965095795e-15
  endloop
endfacet
facet normal -0.3214394653031623 -0.0 -0.9469301294951054
  outer loop
    vertex 42.792231696907685 8.874975550544482 0.10222252113279949
    vertex 42.42063853511998 3.8749755505444834 0.22836140246614348
    vertex 42.42063853511998 8.874975550544482 0.22836140246614348
  endloop
endfacet
facet normal -0.3214394653031623 -0.0 -0.9469301294951054
  outer loop
    vertex 42.42063853511998 3.8749755505444834 0.22836140246614348
    vertex 42.792231696907685 8.874975550544482 0.10222252113279949
    vertex 42.792231696907685 3.8749755505444834 0.10222252113279949
  endloop
endfacet
facet normal -0.9469301294951046 -0.0 -0.32143946530316525
  outer loop
    vertex 40.67091135334804 32.87497555054448 2.223542864692438
    vertex 40.797050234681386 19.874975550544484 1.851949702904731
    vertex 40.67091135334804 19.874975550544484 2.223542864692438
  endloop
endfacet
facet normal -0.9469301294951046 -0.0 -0.32143946530316525
  outer loop
    vertex 40.797050234681386 19.874975550544484 1.851949702904731
    vertex 40.67091135334804 32.87497555054448 2.223542864692438
    vertex 40.797050234681386 32.87497555054448 1.851949702904731
  endloop
endfacet
facet normal -0.9978589232386034 1.0325240013835428e-19 -0.06540312923014457
  outer loop
    vertex 40.568688832215244 32.87497555054448 3.0
    vertex 40.594354248093815 19.874975550544484 2.6084214233398453
    vertex 40.568688832215244 19.874975550544484 3.0
  endloop
endfacet
facet normal -0.9978589232386034 1.0325240013835428e-19 -0.06540312923014457
  outer loop
    vertex 40.594354248093815 19.874975550544484 2.6084214233398453
    vertex 40.568688832215244 32.87497555054448 3.0
    vertex 40.594354248093815 32.87497555054448 2.6084214233398453
  endloop
endfacet
facet normal -0.195090322016127 -0.0 -0.9807852804032309
  outer loop
    vertex 43.17711025555509 8.874975550544482 0.025665415878573947
    vertex 42.792231696907685 3.8749755505444834 0.10222252113279949
    vertex 42.792231696907685 8.874975550544482 0.10222252113279949
  endloop
endfacet
facet normal -0.195090322016127 -0.0 -0.9807852804032309
  outer loop
    vertex 42.792231696907685 3.8749755505444834 0.10222252113279949
    vertex 43.17711025555509 8.874975550544482 0.025665415878573947
    vertex 43.17711025555509 3.8749755505444834 0.025665415878573947
  endloop
endfacet
facet normal 0.0 0.9519558943682686 0.30623516319572125
  outer loop
    vertex 62.56868883221525 75.87497555054449 48.20371699999998
    vertex 118.56868883221524 78.87497555054448 38.87798296834159
    vertex 62.56868883221525 78.87497555054448 38.87798296834159
  endloop
endfacet
facet normal 0.0 0.9519558943682686 0.30623516319572125
  outer loop
    vertex 118.56868883221524 78.87497555054448 38.87798296834159
    vertex 62.56868883221525 75.87497555054449 48.20371699999998
    vertex 118.56868883221524 75.87497555054449 48.20371699999998
  endloop
endfacet
facet normal 1.0 0.0 0.0
  outer loop
    vertex 118.56868883221524 78.87497555054448 3.0
    vertex 118.56868883221524 75.87497555054449 41.99999999999999
    vertex 118.56868883221524 75.87497555054449 3.0
  endloop
endfacet
facet normal 1.0 0.0 0.0
  outer loop
    vertex 118.56868883221524 75.87497555054449 41.99999999999999
    vertex 118.56868883221524 78.87497555054448 3.0
    vertex 118.56868883221524 78.87497555054448 36.771024352302405
  endloop
endfacet
facet normal 0.608761429008729 -0.793353340291229 0.0
  outer loop
    vertex 130.81868883221523 7.67401365622114 15.999999999999998
    vertex 130.5080286604354 7.435635722324304 0.0
    vertex 130.81868883221523 7.67401365622114 0.0
  endloop
endfacet
facet normal 0.608761429008729 -0.793353340291229 0.0
  outer loop
    vertex 130.5080286604354 7.435635722324304 0.0
    vertex 130.81868883221523 7.67401365622114 15.999999999999998
    vertex 130.5080286604354 7.435635722324304 15.999999999999998
  endloop
endfacet
facet normal -0.13052619222005263 -0.9914448613738104 -0.0
  outer loop
    vertex 131.956917399869 7.8238642899780855 15.999999999999998
    vertex 131.56868883221523 7.874975550544483 0.0
    vertex 131.956917399869 7.8238642899780855 0.0
  endloop
endfacet
facet normal -0.13052619222005263 -0.9914448613738104 -0.0
  outer loop
    vertex 131.56868883221523 7.874975550544483 0.0
    vertex 131.956917399869 7.8238642899780855 15.999999999999998
    vertex 131.56868883221523 7.874975550544483 15.999999999999998
  endloop
endfacet
facet normal 0.13052619222005263 -0.9914448613738104 0.0
  outer loop
    vertex 131.56868883221523 7.874975550544483 15.999999999999998
    vertex 131.18046026456145 7.8238642899780855 0.0
    vertex 131.56868883221523 7.874975550544483 0.0
  endloop
endfacet
facet normal 0.13052619222005263 -0.9914448613738104 0.0
  outer loop
    vertex 131.18046026456145 7.8238642899780855 0.0
    vertex 131.56868883221523 7.874975550544483 15.999999999999998
    vertex 131.18046026456145 7.8238642899780855 15.999999999999998
  endloop
endfacet
facet normal 0.9238795325112797 -0.38268343236510666 0.0
  outer loop
    vertex 130.2696507265386 7.124975550544483 0.0
    vertex 130.11980009278165 6.7632041181982645 15.999999999999998
    vertex 130.11980009278165 6.7632041181982645 0.0
  endloop
endfacet
facet normal 0.9238795325112797 -0.38268343236510666 0.0
  outer loop
    vertex 130.11980009278165 6.7632041181982645 15.999999999999998
    vertex 130.2696507265386 7.124975550544483 0.0
    vertex 130.2696507265386 7.124975550544483 15.999999999999998
  endloop
endfacet
facet normal 0.9914448613738114 -0.1305261922200446 0.0
  outer loop
    vertex 130.11980009278165 6.7632041181982645 0.0
    vertex 130.06868883221523 6.374975550544483 15.999999999999998
    vertex 130.06868883221523 6.374975550544483 0.0
  endloop
endfacet
facet normal 0.9914448613738114 -0.1305261922200446 0.0
  outer loop
    vertex 130.06868883221523 6.374975550544483 15.999999999999998
    vertex 130.11980009278165 6.7632041181982645 0.0
    vertex 130.11980009278165 6.7632041181982645 15.999999999999998
  endloop
endfacet
facet normal 0.9914448613738114 0.1305261922200446 0.0
  outer loop
    vertex 130.06868883221523 6.374975550544483 0.0
    vertex 130.11980009278165 5.986746982890701 15.999999999999998
    vertex 130.11980009278165 5.986746982890701 0.0
  endloop
endfacet
facet normal 0.9914448613738114 0.1305261922200446 0.0
  outer loop
    vertex 130.11980009278165 5.986746982890701 15.999999999999998
    vertex 130.06868883221523 6.374975550544483 0.0
    vertex 130.06868883221523 6.374975550544483 15.999999999999998
  endloop
endfacet
facet normal 0.9238795325112797 0.38268343236510666 0.0
  outer loop
    vertex 130.11980009278165 5.986746982890701 0.0
    vertex 130.2696507265386 5.624975550544483 15.999999999999998
    vertex 130.2696507265386 5.624975550544483 0.0
  endloop
endfacet
facet normal 0.9238795325112797 0.38268343236510666 0.0
  outer loop
    vertex 130.2696507265386 5.624975550544483 15.999999999999998
    vertex 130.11980009278165 5.986746982890701 0.0
    vertex 130.11980009278165 5.986746982890701 15.999999999999998
  endloop
endfacet
facet normal -0.38268343236507985 -0.9238795325112908 -0.0
  outer loop
    vertex 132.31868883221526 7.67401365622114 15.999999999999998
    vertex 131.956917399869 7.8238642899780855 0.0
    vertex 132.31868883221526 7.67401365622114 0.0
  endloop
endfacet
facet normal -0.38268343236507985 -0.9238795325112908 -0.0
  outer loop
    vertex 131.956917399869 7.8238642899780855 0.0
    vertex 132.31868883221526 7.67401365622114 15.999999999999998
    vertex 131.956917399869 7.8238642899780855 15.999999999999998
  endloop
endfacet
facet normal 0.38268343236507985 -0.9238795325112908 0.0
  outer loop
    vertex 131.18046026456145 7.8238642899780855 15.999999999999998
    vertex 130.81868883221523 7.67401365622114 0.0
    vertex 131.18046026456145 7.8238642899780855 0.0
  endloop
endfacet
facet normal 0.38268343236507985 -0.9238795325112908 0.0
  outer loop
    vertex 130.81868883221523 7.67401365622114 0.0
    vertex 131.18046026456145 7.8238642899780855 15.999999999999998
    vertex 130.81868883221523 7.67401365622114 15.999999999999998
  endloop
endfacet
facet normal 0.7933533402912477 -0.6087614290087043 0.0
  outer loop
    vertex 130.5080286604354 7.435635722324304 0.0
    vertex 130.2696507265386 7.124975550544483 15.999999999999998
    vertex 130.2696507265386 7.124975550544483 0.0
  endloop
endfacet
facet normal 0.7933533402912477 -0.6087614290087043 0.0
  outer loop
    vertex 130.2696507265386 7.124975550544483 15.999999999999998
    vertex 130.5080286604354 7.435635722324304 0.0
    vertex 130.5080286604354 7.435635722324304 15.999999999999998
  endloop
endfacet
facet normal -0.38268343236507985 0.9238795325112908 0.0
  outer loop
    vertex 131.956917399869 4.92608681111088 15.999999999999998
    vertex 132.31868883221526 5.075937444867826 0.0
    vertex 131.956917399869 4.92608681111088 0.0
  endloop
endfacet
facet normal -0.38268343236507985 0.9238795325112908 0.0
  outer loop
    vertex 132.31868883221526 5.075937444867826 0.0
    vertex 131.956917399869 4.92608681111088 15.999999999999998
    vertex 132.31868883221526 5.075937444867826 15.999999999999998
  endloop
endfacet
facet normal -0.608761429008729 0.793353340291229 0.0
  outer loop
    vertex 132.31868883221526 5.075937444867826 15.999999999999998
    vertex 132.62934900399506 5.314315378764662 0.0
    vertex 132.31868883221526 5.075937444867826 0.0
  endloop
endfacet
facet normal -0.608761429008729 0.793353340291229 0.0
  outer loop
    vertex 132.62934900399506 5.314315378764662 0.0
    vertex 132.31868883221526 5.075937444867826 15.999999999999998
    vertex 132.62934900399506 5.314315378764662 15.999999999999998
  endloop
endfacet
facet normal -0.9238795325112793 -0.382683432365108 -0.0
  outer loop
    vertex 132.8677269378919 7.124975550544483 15.999999999999998
    vertex 133.01757757164884 6.763204118198265 0.0
    vertex 133.01757757164884 6.763204118198265 15.999999999999998
  endloop
endfacet
facet normal -0.9238795325112793 -0.382683432365108 -0.0
  outer loop
    vertex 133.01757757164884 6.763204118198265 0.0
    vertex 132.8677269378919 7.124975550544483 15.999999999999998
    vertex 132.8677269378919 7.124975550544483 0.0
  endloop
endfacet
facet normal 0.92387953251129 0.0 0.38268343236508207
  outer loop
    vertex 70.83663802464638 78.87497555054448 33.20371699999998
    vertex 70.63683717963713 75.87497555054449 33.686078909794944
    vertex 70.83663802464638 75.87497555054449 33.20371699999998
  endloop
endfacet
facet normal 0.92387953251129 0.0 0.38268343236508207
  outer loop
    vertex 70.63683717963713 75.87497555054449 33.686078909794944
    vertex 70.83663802464638 78.87497555054448 33.20371699999998
    vertex 70.63683717963713 78.87497555054448 33.686078909794944
  endloop
endfacet
facet normal 0.38268343236507835 0.9238795325112916 0.0
  outer loop
    vertex 130.81868883221523 5.075937444867825 15.999999999999998
    vertex 131.18046026456145 4.92608681111088 0.0
    vertex 130.81868883221523 5.075937444867825 0.0
  endloop
endfacet
facet normal 0.38268343236507835 0.9238795325112916 0.0
  outer loop
    vertex 131.18046026456145 4.92608681111088 0.0
    vertex 130.81868883221523 5.075937444867825 15.999999999999998
    vertex 131.18046026456145 4.92608681111088 15.999999999999998
  endloop
endfacet
facet normal -0.3826834323650951 0.0 0.9238795325112845
  outer loop
    vertex 73.56868883221526 75.87497555054449 32.47166619243111
    vertex 73.0863269224203 78.87497555054448 32.27186534742185
    vertex 73.0863269224203 75.87497555054449 32.27186534742185
  endloop
endfacet
facet normal -0.3826834323650951 0.0 0.9238795325112845
  outer loop
    vertex 73.0863269224203 78.87497555054448 32.27186534742185
    vertex 73.56868883221526 75.87497555054449 32.47166619243111
    vertex 73.56868883221526 78.87497555054448 32.47166619243111
  endloop
endfacet
facet normal -0.13052619222005263 0.9914448613738104 0.0
  outer loop
    vertex 131.56868883221523 4.874975550544483 15.999999999999998
    vertex 131.956917399869 4.92608681111088 0.0
    vertex 131.56868883221523 4.874975550544483 0.0
  endloop
endfacet
facet normal -0.13052619222005263 0.9914448613738104 0.0
  outer loop
    vertex 131.956917399869 4.92608681111088 0.0
    vertex 131.56868883221523 4.874975550544483 15.999999999999998
    vertex 131.956917399869 4.92608681111088 15.999999999999998
  endloop
endfacet
facet normal 0.9914448613738106 0.0 0.13052619222005077
  outer loop
    vertex 70.63683717963713 78.87497555054448 33.686078909794944
    vertex 70.56868883221526 75.87497555054449 34.20371699999999
    vertex 70.63683717963713 75.87497555054449 33.686078909794944
  endloop
endfacet
facet normal 0.9914448613738106 0.0 0.13052619222005077
  outer loop
    vertex 70.56868883221526 75.87497555054449 34.20371699999999
    vertex 70.63683717963713 78.87497555054448 33.686078909794944
    vertex 70.56868883221526 78.87497555054448 34.20371699999999
  endloop
endfacet
facet normal -0.6087614290087128 0.0 0.7933533402912413
  outer loop
    vertex 73.98290239458835 75.87497555054449 32.78950343762689
    vertex 73.56868883221526 78.87497555054448 32.47166619243111
    vertex 73.56868883221526 75.87497555054449 32.47166619243111
  endloop
endfacet
facet normal -0.6087614290087128 0.0 0.7933533402912413
  outer loop
    vertex 73.56868883221526 78.87497555054448 32.47166619243111
    vertex 73.98290239458835 75.87497555054449 32.78950343762689
    vertex 73.98290239458835 78.87497555054448 32.78950343762689
  endloop
endfacet
facet normal -0.9914448613738113 0.13052619222004483 0.0
  outer loop
    vertex 133.06868883221523 6.374975550544483 15.999999999999998
    vertex 133.01757757164884 5.986746982890702 0.0
    vertex 133.01757757164884 5.986746982890702 15.999999999999998
  endloop
endfacet
facet normal -0.9914448613738113 0.13052619222004483 0.0
  outer loop
    vertex 133.01757757164884 5.986746982890702 0.0
    vertex 133.06868883221523 6.374975550544483 15.999999999999998
    vertex 133.06868883221523 6.374975550544483 0.0
  endloop
endfacet
facet normal -0.9914448613738132 0.0 0.13052619222003092
  outer loop
    vertex 74.56868883221526 78.87497555054448 34.20371699999999
    vertex 74.5005404847934 75.87497555054449 33.68607890979495
    vertex 74.56868883221526 75.87497555054449 34.20371699999999
  endloop
endfacet
facet normal -0.9914448613738132 0.0 0.13052619222003092
  outer loop
    vertex 74.5005404847934 75.87497555054449 33.68607890979495
    vertex 74.56868883221526 78.87497555054448 34.20371699999999
    vertex 74.5005404847934 78.87497555054448 33.68607890979495
  endloop
endfacet
facet normal 0.9914448613738132 0.0 -0.13052619222003092
  outer loop
    vertex 70.56868883221526 78.87497555054448 34.20371699999999
    vertex 70.63683717963711 75.87497555054449 34.72135509020503
    vertex 70.56868883221526 75.87497555054449 34.20371699999999
  endloop
endfacet
facet normal 0.9914448613738132 0.0 -0.13052619222003092
  outer loop
    vertex 70.63683717963711 75.87497555054449 34.72135509020503
    vertex 70.56868883221526 78.87497555054448 34.20371699999999
    vertex 70.63683717963711 78.87497555054448 34.72135509020503
  endloop
endfacet
facet normal -0.9238795325112824 0.0 0.38268343236510055
  outer loop
    vertex 74.5005404847934 78.87497555054448 33.68607890979495
    vertex 74.30073963978414 75.87497555054449 33.20371699999999
    vertex 74.5005404847934 75.87497555054449 33.68607890979495
  endloop
endfacet
facet normal -0.9238795325112824 0.0 0.38268343236510055
  outer loop
    vertex 74.30073963978414 75.87497555054449 33.20371699999999
    vertex 74.5005404847934 78.87497555054448 33.68607890979495
    vertex 74.30073963978414 78.87497555054448 33.20371699999999
  endloop
endfacet
facet normal -0.9914448613738132 -0.0 -0.13052619222003092
  outer loop
    vertex 74.5005404847934 78.87497555054448 34.72135509020503
    vertex 74.56868883221526 75.87497555054449 34.20371699999999
    vertex 74.5005404847934 75.87497555054449 34.72135509020503
  endloop
endfacet
facet normal -0.9914448613738132 -0.0 -0.13052619222003092
  outer loop
    vertex 74.56868883221526 75.87497555054449 34.20371699999999
    vertex 74.5005404847934 78.87497555054448 34.72135509020503
    vertex 74.56868883221526 78.87497555054448 34.20371699999999
  endloop
endfacet
facet normal -0.7933533402912413 0.0 0.6087614290087128
  outer loop
    vertex 74.30073963978414 78.87497555054448 33.20371699999999
    vertex 73.98290239458835 75.87497555054449 32.78950343762689
    vertex 74.30073963978414 75.87497555054449 33.20371699999999
  endloop
endfacet
facet normal -0.7933533402912413 0.0 0.6087614290087128
  outer loop
    vertex 73.98290239458835 75.87497555054449 32.78950343762689
    vertex 74.30073963978414 78.87497555054448 33.20371699999999
    vertex 73.98290239458835 78.87497555054448 32.78950343762689
  endloop
endfacet
facet normal -0.923879532511284 -0.0 -0.3826834323650968
  outer loop
    vertex 74.30073963978414 78.87497555054448 35.20371699999999
    vertex 74.5005404847934 75.87497555054449 34.72135509020503
    vertex 74.30073963978414 75.87497555054449 35.20371699999999
  endloop
endfacet
facet normal -0.923879532511284 -0.0 -0.3826834323650968
  outer loop
    vertex 74.5005404847934 75.87497555054449 34.72135509020503
    vertex 74.30073963978414 78.87497555054448 35.20371699999999
    vertex 74.5005404847934 78.87497555054448 34.72135509020503
  endloop
endfacet
facet normal 0.6087614290087128 0.0 0.7933533402912413
  outer loop
    vertex 71.56868883221526 75.87497555054449 32.47166619243111
    vertex 71.15447526984215 78.87497555054448 32.78950343762689
    vertex 71.15447526984215 75.87497555054449 32.78950343762689
  endloop
endfacet
facet normal 0.6087614290087128 0.0 0.7933533402912413
  outer loop
    vertex 71.15447526984215 78.87497555054448 32.78950343762689
    vertex 71.56868883221526 75.87497555054449 32.47166619243111
    vertex 71.56868883221526 78.87497555054448 32.47166619243111
  endloop
endfacet
facet normal 0.3826834323650951 0.0 0.9238795325112845
  outer loop
    vertex 72.0510507420102 75.87497555054449 32.27186534742185
    vertex 71.56868883221526 78.87497555054448 32.47166619243111
    vertex 71.56868883221526 75.87497555054449 32.47166619243111
  endloop
endfacet
facet normal 0.3826834323650951 0.0 0.9238795325112845
  outer loop
    vertex 71.56868883221526 78.87497555054448 32.47166619243111
    vertex 72.0510507420102 75.87497555054449 32.27186534742185
    vertex 72.0510507420102 78.87497555054448 32.27186534742185
  endloop
endfacet
facet normal 0.13052619222005077 0.0 0.9914448613738106
  outer loop
    vertex 72.56868883221526 75.87497555054449 32.20371699999999
    vertex 72.0510507420102 78.87497555054448 32.27186534742185
    vertex 72.0510507420102 75.87497555054449 32.27186534742185
  endloop
endfacet
facet normal 0.13052619222005077 0.0 0.9914448613738106
  outer loop
    vertex 72.0510507420102 78.87497555054448 32.27186534742185
    vertex 72.56868883221526 75.87497555054449 32.20371699999999
    vertex 72.56868883221526 78.87497555054448 32.20371699999999
  endloop
endfacet
facet normal 0.60876142900873 0.793353340291228 0.0
  outer loop
    vertex 130.5080286604354 5.314315378764662 15.999999999999998
    vertex 130.81868883221523 5.075937444867825 0.0
    vertex 130.5080286604354 5.314315378764662 0.0
  endloop
endfacet
facet normal 0.60876142900873 0.793353340291228 0.0
  outer loop
    vertex 130.81868883221523 5.075937444867825 0.0
    vertex 130.5080286604354 5.314315378764662 15.999999999999998
    vertex 130.81868883221523 5.075937444867825 15.999999999999998
  endloop
endfacet
facet normal -0.13052619222005077 0.0 0.9914448613738106
  outer loop
    vertex 73.0863269224203 75.87497555054449 32.27186534742185
    vertex 72.56868883221526 78.87497555054448 32.20371699999999
    vertex 72.56868883221526 75.87497555054449 32.20371699999999
  endloop
endfacet
facet normal -0.13052619222005077 0.0 0.9914448613738106
  outer loop
    vertex 72.56868883221526 78.87497555054448 32.20371699999999
    vertex 73.0863269224203 75.87497555054449 32.27186534742185
    vertex 73.0863269224203 78.87497555054448 32.27186534742185
  endloop
endfacet
facet normal 0.7933533402912477 0.6087614290087043 0.0
  outer loop
    vertex 130.2696507265386 5.624975550544483 0.0
    vertex 130.5080286604354 5.314315378764662 15.999999999999998
    vertex 130.5080286604354 5.314315378764662 0.0
  endloop
endfacet
facet normal 0.7933533402912477 0.6087614290087043 0.0
  outer loop
    vertex 130.5080286604354 5.314315378764662 15.999999999999998
    vertex 130.2696507265386 5.624975550544483 0.0
    vertex 130.2696507265386 5.624975550544483 15.999999999999998
  endloop
endfacet
facet normal 0.13052619222005263 0.9914448613738104 0.0
  outer loop
    vertex 131.18046026456145 4.92608681111088 15.999999999999998
    vertex 131.56868883221523 4.874975550544483 0.0
    vertex 131.18046026456145 4.92608681111088 0.0
  endloop
endfacet
facet normal 0.13052619222005263 0.9914448613738104 0.0
  outer loop
    vertex 131.56868883221523 4.874975550544483 0.0
    vertex 131.18046026456145 4.92608681111088 15.999999999999998
    vertex 131.56868883221523 4.874975550544483 15.999999999999998
  endloop
endfacet
facet normal -0.793353340291249 0.6087614290087026 0.0
  outer loop
    vertex 132.8677269378919 5.624975550544485 15.999999999999998
    vertex 132.62934900399506 5.314315378764662 0.0
    vertex 132.62934900399506 5.314315378764662 15.999999999999998
  endloop
endfacet
facet normal -0.793353340291249 0.6087614290087026 0.0
  outer loop
    vertex 132.62934900399506 5.314315378764662 0.0
    vertex 132.8677269378919 5.624975550544485 15.999999999999998
    vertex 132.8677269378919 5.624975550544485 0.0
  endloop
endfacet
facet normal -0.9238795325112795 0.3826834323651073 0.0
  outer loop
    vertex 133.01757757164884 5.986746982890702 15.999999999999998
    vertex 132.8677269378919 5.624975550544485 0.0
    vertex 132.8677269378919 5.624975550544485 15.999999999999998
  endloop
endfacet
facet normal -0.9238795325112795 0.3826834323651073 0.0
  outer loop
    vertex 132.8677269378919 5.624975550544485 0.0
    vertex 133.01757757164884 5.986746982890702 15.999999999999998
    vertex 133.01757757164884 5.986746982890702 0.0
  endloop
endfacet
facet normal -0.9914448613738115 -0.13052619222004413 -0.0
  outer loop
    vertex 133.01757757164884 6.763204118198265 15.999999999999998
    vertex 133.06868883221523 6.374975550544483 0.0
    vertex 133.06868883221523 6.374975550544483 15.999999999999998
  endloop
endfacet
facet normal -0.9914448613738115 -0.13052619222004413 -0.0
  outer loop
    vertex 133.06868883221523 6.374975550544483 0.0
    vertex 133.01757757164884 6.763204118198265 15.999999999999998
    vertex 133.01757757164884 6.763204118198265 0.0
  endloop
endfacet
facet normal -0.793353340291249 -0.6087614290087026 -0.0
  outer loop
    vertex 132.62934900399506 7.435635722324306 15.999999999999998
    vertex 132.8677269378919 7.124975550544483 0.0
    vertex 132.8677269378919 7.124975550544483 15.999999999999998
  endloop
endfacet
facet normal -0.793353340291249 -0.6087614290087026 -0.0
  outer loop
    vertex 132.8677269378919 7.124975550544483 0.0
    vertex 132.62934900399506 7.435635722324306 15.999999999999998
    vertex 132.62934900399506 7.435635722324306 0.0
  endloop
endfacet
facet normal -0.13052619222005074 0.9914448613738105 0.0
  outer loop
    vertex 49.568688832215244 4.874975550544483 15.999999999999998
    vertex 49.956917399869035 4.92608681111088 0.0
    vertex 49.568688832215244 4.874975550544483 0.0
  endloop
endfacet
facet normal -0.13052619222005074 0.9914448613738105 0.0
  outer loop
    vertex 49.956917399869035 4.92608681111088 0.0
    vertex 49.568688832215244 4.874975550544483 15.999999999999998
    vertex 49.956917399869035 4.92608681111088 15.999999999999998
  endloop
endfacet
facet normal -0.6087614290087265 -0.7933533402912305 -0.0
  outer loop
    vertex 132.62934900399506 7.435635722324306 15.999999999999998
    vertex 132.31868883221526 7.67401365622114 0.0
    vertex 132.62934900399506 7.435635722324306 0.0
  endloop
endfacet
facet normal -0.6087614290087265 -0.7933533402912305 -0.0
  outer loop
    vertex 132.31868883221526 7.67401365622114 0.0
    vertex 132.62934900399506 7.435635722324306 15.999999999999998
    vertex 132.31868883221526 7.67401365622114 15.999999999999998
  endloop
endfacet
facet normal 0.7933533402912374 0.0 0.608761429008718
  outer loop
    vertex 71.15447526984215 78.87497555054448 32.78950343762689
    vertex 70.83663802464638 75.87497555054449 33.20371699999998
    vertex 71.15447526984215 75.87497555054449 32.78950343762689
  endloop
endfacet
facet normal 0.7933533402912374 0.0 0.608761429008718
  outer loop
    vertex 70.83663802464638 75.87497555054449 33.20371699999998
    vertex 71.15447526984215 78.87497555054448 32.78950343762689
    vertex 70.83663802464638 78.87497555054448 33.20371699999998
  endloop
endfacet
facet normal -0.7933533402912374 -0.0 -0.608761429008718
  outer loop
    vertex 73.98290239458835 78.87497555054448 35.61793056237309
    vertex 74.30073963978414 75.87497555054449 35.20371699999999
    vertex 73.98290239458835 75.87497555054449 35.61793056237309
  endloop
endfacet
facet normal -0.7933533402912374 -0.0 -0.608761429008718
  outer loop
    vertex 74.30073963978414 75.87497555054449 35.20371699999999
    vertex 73.98290239458835 78.87497555054448 35.61793056237309
    vertex 74.30073963978414 78.87497555054448 35.20371699999999
  endloop
endfacet
facet normal 0.7933533402912407 -0.6087614290087133 0.0
  outer loop
    vertex 48.50802866043542 7.435635722324304 0.0
    vertex 48.26965072653859 7.124975550544483 15.999999999999998
    vertex 48.26965072653859 7.124975550544483 0.0
  endloop
endfacet
facet normal 0.7933533402912407 -0.6087614290087133 0.0
  outer loop
    vertex 48.26965072653859 7.124975550544483 15.999999999999998
    vertex 48.50802866043542 7.435635722324304 0.0
    vertex 48.50802866043542 7.435635722324304 15.999999999999998
  endloop
endfacet
facet normal 0.6087614290087161 0.7933533402912386 0.0
  outer loop
    vertex 48.50802866043542 5.314315378764662 15.999999999999998
    vertex 48.81868883221525 5.075937444867825 0.0
    vertex 48.50802866043542 5.314315378764662 0.0
  endloop
endfacet
facet normal 0.6087614290087161 0.7933533402912386 0.0
  outer loop
    vertex 48.81868883221525 5.075937444867825 0.0
    vertex 48.50802866043542 5.314315378764662 15.999999999999998
    vertex 48.81868883221525 5.075937444867825 15.999999999999998
  endloop
endfacet
facet normal -0.3826834323650951 0.9238795325112845 0.0
  outer loop
    vertex 49.956917399869035 4.92608681111088 15.999999999999998
    vertex 50.318688832215244 5.075937444867826 0.0
    vertex 49.956917399869035 4.92608681111088 0.0
  endloop
endfacet
facet normal -0.3826834323650951 0.9238795325112845 0.0
  outer loop
    vertex 50.318688832215244 5.075937444867826 0.0
    vertex 49.956917399869035 4.92608681111088 15.999999999999998
    vertex 50.318688832215244 5.075937444867826 15.999999999999998
  endloop
endfacet
facet normal -0.38268343236509006 -0.9238795325112867 -0.0
  outer loop
    vertex 50.318688832215244 7.67401365622114 15.999999999999998
    vertex 49.95691739986903 7.8238642899780855 0.0
    vertex 50.318688832215244 7.67401365622114 0.0
  endloop
endfacet
facet normal -0.38268343236509006 -0.9238795325112867 -0.0
  outer loop
    vertex 49.95691739986903 7.8238642899780855 0.0
    vertex 50.318688832215244 7.67401365622114 15.999999999999998
    vertex 49.95691739986903 7.8238642899780855 15.999999999999998
  endloop
endfacet
facet normal -0.13052619222005263 -0.9914448613738104 -0.0
  outer loop
    vertex 49.95691739986903 7.8238642899780855 15.999999999999998
    vertex 49.568688832215244 7.874975550544483 0.0
    vertex 49.95691739986903 7.8238642899780855 0.0
  endloop
endfacet
facet normal -0.13052619222005263 -0.9914448613738104 -0.0
  outer loop
    vertex 49.568688832215244 7.874975550544483 0.0
    vertex 49.95691739986903 7.8238642899780855 15.999999999999998
    vertex 49.568688832215244 7.874975550544483 15.999999999999998
  endloop
endfacet
facet normal 0.3826834323650951 -0.9238795325112845 0.0
  outer loop
    vertex 49.18046026456146 7.8238642899780855 15.999999999999998
    vertex 48.81868883221525 7.67401365622114 0.0
    vertex 49.18046026456146 7.8238642899780855 0.0
  endloop
endfacet
facet normal 0.3826834323650951 -0.9238795325112845 0.0
  outer loop
    vertex 48.81868883221525 7.67401365622114 0.0
    vertex 49.18046026456146 7.8238642899780855 15.999999999999998
    vertex 48.81868883221525 7.67401365622114 15.999999999999998
  endloop
endfacet
facet normal 0.923879532511285 -0.38268343236509444 0.0
  outer loop
    vertex 48.26965072653859 7.124975550544483 0.0
    vertex 48.119800092781645 6.7632041181982645 15.999999999999998
    vertex 48.119800092781645 6.7632041181982645 0.0
  endloop
endfacet
facet normal 0.923879532511285 -0.38268343236509444 0.0
  outer loop
    vertex 48.119800092781645 6.7632041181982645 15.999999999999998
    vertex 48.26965072653859 7.124975550544483 0.0
    vertex 48.26965072653859 7.124975550544483 15.999999999999998
  endloop
endfacet
facet normal 0.13052619222005074 -0.9914448613738105 0.0
  outer loop
    vertex 49.568688832215244 7.874975550544483 15.999999999999998
    vertex 49.18046026456146 7.8238642899780855 0.0
    vertex 49.568688832215244 7.874975550544483 0.0
  endloop
endfacet
facet normal 0.13052619222005074 -0.9914448613738105 0.0
  outer loop
    vertex 49.18046026456146 7.8238642899780855 0.0
    vertex 49.568688832215244 7.874975550544483 15.999999999999998
    vertex 49.18046026456146 7.8238642899780855 15.999999999999998
  endloop
endfacet
facet normal -0.9914448613738077 -0.13052619222007247 -0.0
  outer loop
    vertex 51.01757757164884 6.763204118198265 15.999999999999998
    vertex 51.06868883221525 6.374975550544483 0.0
    vertex 51.06868883221525 6.374975550544483 15.999999999999998
  endloop
endfacet
facet normal -0.9914448613738077 -0.13052619222007247 -0.0
  outer loop
    vertex 51.06868883221525 6.374975550544483 0.0
    vertex 51.01757757164884 6.763204118198265 15.999999999999998
    vertex 51.01757757164884 6.763204118198265 0.0
  endloop
endfacet
facet normal -0.793353340291242 0.6087614290087117 0.0
  outer loop
    vertex 50.8677269378919 5.624975550544485 15.999999999999998
    vertex 50.629349003995074 5.314315378764662 0.0
    vertex 50.629349003995074 5.314315378764662 15.999999999999998
  endloop
endfacet
facet normal -0.793353340291242 0.6087614290087117 0.0
  outer loop
    vertex 50.629349003995074 5.314315378764662 0.0
    vertex 50.8677269378919 5.624975550544485 15.999999999999998
    vertex 50.8677269378919 5.624975550544485 0.0
  endloop
endfacet
facet normal -0.9914448613738113 0.13052619222004483 0.0
  outer loop
    vertex 51.06868883221525 6.374975550544483 15.999999999999998
    vertex 51.01757757164886 5.986746982890702 0.0
    vertex 51.01757757164886 5.986746982890702 15.999999999999998
  endloop
endfacet
facet normal -0.9914448613738113 0.13052619222004483 0.0
  outer loop
    vertex 51.01757757164886 5.986746982890702 0.0
    vertex 51.06868883221525 6.374975550544483 15.999999999999998
    vertex 51.06868883221525 6.374975550544483 0.0
  endloop
endfacet
facet normal 0.9914448613738096 -0.13052619222005876 0.0
  outer loop
    vertex 48.119800092781645 6.7632041181982645 0.0
    vertex 48.068688832215244 6.374975550544483 15.999999999999998
    vertex 48.068688832215244 6.374975550544483 0.0
  endloop
endfacet
facet normal 0.9914448613738096 -0.13052619222005876 0.0
  outer loop
    vertex 48.068688832215244 6.374975550544483 15.999999999999998
    vertex 48.119800092781645 6.7632041181982645 0.0
    vertex 48.119800092781645 6.7632041181982645 15.999999999999998
  endloop
endfacet
facet normal -0.608761429008715 0.7933533402912395 0.0
  outer loop
    vertex 50.318688832215244 5.075937444867826 15.999999999999998
    vertex 50.629349003995074 5.314315378764662 0.0
    vertex 50.318688832215244 5.075937444867826 0.0
  endloop
endfacet
facet normal -0.608761429008715 0.7933533402912395 0.0
  outer loop
    vertex 50.629349003995074 5.314315378764662 0.0
    vertex 50.318688832215244 5.075937444867826 15.999999999999998
    vertex 50.629349003995074 5.314315378764662 15.999999999999998
  endloop
endfacet
facet normal -0.793353340291235 -0.6087614290087207 -0.0
  outer loop
    vertex 50.62934900399507 7.435635722324306 15.999999999999998
    vertex 50.8677269378919 7.124975550544483 0.0
    vertex 50.8677269378919 7.124975550544483 15.999999999999998
  endloop
endfacet
facet normal -0.793353340291235 -0.6087614290087207 -0.0
  outer loop
    vertex 50.8677269378919 7.124975550544483 0.0
    vertex 50.62934900399507 7.435635722324306 15.999999999999998
    vertex 50.62934900399507 7.435635722324306 0.0
  endloop
endfacet
facet normal 0.608761429008715 -0.7933533402912395 0.0
  outer loop
    vertex 48.81868883221525 7.67401365622114 15.999999999999998
    vertex 48.50802866043542 7.435635722324304 0.0
    vertex 48.81868883221525 7.67401365622114 0.0
  endloop
endfacet
facet normal 0.608761429008715 -0.7933533402912395 0.0
  outer loop
    vertex 48.50802866043542 7.435635722324304 0.0
    vertex 48.81868883221525 7.67401365622114 15.999999999999998
    vertex 48.50802866043542 7.435635722324304 15.999999999999998
  endloop
endfacet
facet normal 0.7933533402912407 0.6087614290087133 0.0
  outer loop
    vertex 48.26965072653859 5.624975550544483 0.0
    vertex 48.50802866043542 5.314315378764662 15.999999999999998
    vertex 48.50802866043542 5.314315378764662 0.0
  endloop
endfacet
facet normal 0.7933533402912407 0.6087614290087133 0.0
  outer loop
    vertex 48.50802866043542 5.314315378764662 15.999999999999998
    vertex 48.26965072653859 5.624975550544483 0.0
    vertex 48.26965072653859 5.624975550544483 15.999999999999998
  endloop
endfacet
facet normal 0.9914448613738096 0.13052619222005876 0.0
  outer loop
    vertex 48.068688832215244 6.374975550544483 0.0
    vertex 48.119800092781645 5.986746982890701 15.999999999999998
    vertex 48.119800092781645 5.986746982890701 0.0
  endloop
endfacet
facet normal 0.9914448613738096 0.13052619222005876 0.0
  outer loop
    vertex 48.119800092781645 5.986746982890701 15.999999999999998
    vertex 48.068688832215244 6.374975550544483 0.0
    vertex 48.068688832215244 6.374975550544483 15.999999999999998
  endloop
endfacet
facet normal -0.9238795325112795 0.3826834323651073 0.0
  outer loop
    vertex 51.01757757164886 5.986746982890702 15.999999999999998
    vertex 50.8677269378919 5.624975550544485 0.0
    vertex 50.8677269378919 5.624975550544485 15.999999999999998
  endloop
endfacet
facet normal -0.9238795325112795 0.3826834323651073 0.0
  outer loop
    vertex 50.8677269378919 5.624975550544485 0.0
    vertex 51.01757757164886 5.986746982890702 15.999999999999998
    vertex 51.01757757164886 5.986746982890702 0.0
  endloop
endfacet
facet normal -0.9238795325112894 -0.38268343236508334 -0.0
  outer loop
    vertex 50.8677269378919 7.124975550544483 15.999999999999998
    vertex 51.01757757164884 6.763204118198265 0.0
    vertex 51.01757757164884 6.763204118198265 15.999999999999998
  endloop
endfacet
facet normal -0.9238795325112894 -0.38268343236508334 -0.0
  outer loop
    vertex 51.01757757164884 6.763204118198265 0.0
    vertex 50.8677269378919 7.124975550544483 15.999999999999998
    vertex 50.8677269378919 7.124975550544483 0.0
  endloop
endfacet
facet normal -0.6087614290087197 -0.7933533402912359 -0.0
  outer loop
    vertex 50.62934900399507 7.435635722324306 15.999999999999998
    vertex 50.318688832215244 7.67401365622114 0.0
    vertex 50.62934900399507 7.435635722324306 0.0
  endloop
endfacet
facet normal -0.6087614290087197 -0.7933533402912359 -0.0
  outer loop
    vertex 50.318688832215244 7.67401365622114 0.0
    vertex 50.62934900399507 7.435635722324306 15.999999999999998
    vertex 50.318688832215244 7.67401365622114 15.999999999999998
  endloop
endfacet
facet normal 0.923879532511285 0.38268343236509444 0.0
  outer loop
    vertex 48.119800092781645 5.986746982890701 0.0
    vertex 48.26965072653859 5.624975550544483 15.999999999999998
    vertex 48.26965072653859 5.624975550544483 0.0
  endloop
endfacet
facet normal 0.923879532511285 0.38268343236509444 0.0
  outer loop
    vertex 48.26965072653859 5.624975550544483 15.999999999999998
    vertex 48.119800092781645 5.986746982890701 0.0
    vertex 48.119800092781645 5.986746982890701 15.999999999999998
  endloop
endfacet
facet normal 0.9238795325112824 0.0 -0.38268343236510055
  outer loop
    vertex 70.63683717963711 78.87497555054448 34.72135509020503
    vertex 70.83663802464638 75.87497555054449 35.20371699999999
    vertex 70.63683717963711 75.87497555054449 34.72135509020503
  endloop
endfacet
facet normal 0.9238795325112824 0.0 -0.38268343236510055
  outer loop
    vertex 70.83663802464638 75.87497555054449 35.20371699999999
    vertex 70.63683717963711 78.87497555054448 34.72135509020503
    vertex 70.83663802464638 78.87497555054448 35.20371699999999
  endloop
endfacet
facet normal 0.9914448613738132 0.0 -0.13052619222003092
  outer loop
    vertex 106.56868883221524 78.87497555054448 34.20371699999999
    vertex 106.63683717963708 75.87497555054449 34.72135509020503
    vertex 106.56868883221524 75.87497555054449 34.20371699999999
  endloop
endfacet
facet normal 0.9914448613738132 0.0 -0.13052619222003092
  outer loop
    vertex 106.63683717963708 75.87497555054449 34.72135509020503
    vertex 106.56868883221524 78.87497555054448 34.20371699999999
    vertex 106.63683717963708 78.87497555054448 34.72135509020503
  endloop
endfacet
facet normal -0.6087614290087128 -0.0 -0.7933533402912413
  outer loop
    vertex 73.98290239458835 78.87497555054448 35.61793056237309
    vertex 73.56868883221526 75.87497555054449 35.935767807568865
    vertex 73.56868883221526 78.87497555054448 35.935767807568865
  endloop
endfacet
facet normal -0.6087614290087128 -0.0 -0.7933533402912413
  outer loop
    vertex 73.56868883221526 75.87497555054449 35.935767807568865
    vertex 73.98290239458835 78.87497555054448 35.61793056237309
    vertex 73.98290239458835 75.87497555054449 35.61793056237309
  endloop
endfacet
facet normal 0.3826834323650885 0.9238795325112873 0.0
  outer loop
    vertex 48.81868883221525 5.075937444867825 15.999999999999998
    vertex 49.18046026456147 4.92608681111088 0.0
    vertex 48.81868883221525 5.075937444867825 0.0
  endloop
endfacet
facet normal 0.3826834323650885 0.9238795325112873 0.0
  outer loop
    vertex 49.18046026456147 4.92608681111088 0.0
    vertex 48.81868883221525 5.075937444867825 15.999999999999998
    vertex 49.18046026456147 4.92608681111088 15.999999999999998
  endloop
endfacet
facet normal 0.13052619222005077 0.0 -0.9914448613738106
  outer loop
    vertex 72.56868883221526 78.87497555054448 36.20371699999999
    vertex 72.0510507420102 75.87497555054449 36.13556865257813
    vertex 72.0510507420102 78.87497555054448 36.13556865257813
  endloop
endfacet
facet normal 0.13052619222005077 0.0 -0.9914448613738106
  outer loop
    vertex 72.0510507420102 75.87497555054449 36.13556865257813
    vertex 72.56868883221526 78.87497555054448 36.20371699999999
    vertex 72.56868883221526 75.87497555054449 36.20371699999999
  endloop
endfacet
facet normal -0.13052619222005077 -0.0 -0.9914448613738106
  outer loop
    vertex 73.0863269224203 78.87497555054448 36.13556865257813
    vertex 72.56868883221526 75.87497555054449 36.20371699999999
    vertex 72.56868883221526 78.87497555054448 36.20371699999999
  endloop
endfacet
facet normal -0.13052619222005077 -0.0 -0.9914448613738106
  outer loop
    vertex 72.56868883221526 75.87497555054449 36.20371699999999
    vertex 73.0863269224203 78.87497555054448 36.13556865257813
    vertex 73.0863269224203 75.87497555054449 36.13556865257813
  endloop
endfacet
facet normal 0.3826834323650951 0.0 -0.9238795325112845
  outer loop
    vertex 72.0510507420102 78.87497555054448 36.13556865257813
    vertex 71.56868883221526 75.87497555054449 35.935767807568865
    vertex 71.56868883221526 78.87497555054448 35.935767807568865
  endloop
endfacet
facet normal 0.3826834323650951 0.0 -0.9238795325112845
  outer loop
    vertex 71.56868883221526 75.87497555054449 35.935767807568865
    vertex 72.0510507420102 78.87497555054448 36.13556865257813
    vertex 72.0510507420102 75.87497555054449 36.13556865257813
  endloop
endfacet
facet normal 0.6087614290087128 0.0 -0.7933533402912413
  outer loop
    vertex 71.56868883221526 78.87497555054448 35.935767807568865
    vertex 71.15447526984215 75.87497555054449 35.61793056237309
    vertex 71.15447526984215 78.87497555054448 35.61793056237309
  endloop
endfacet
facet normal 0.6087614290087128 0.0 -0.7933533402912413
  outer loop
    vertex 71.15447526984215 75.87497555054449 35.61793056237309
    vertex 71.56868883221526 78.87497555054448 35.935767807568865
    vertex 71.56868883221526 75.87497555054449 35.935767807568865
  endloop
endfacet
facet normal 0.7933533402912413 0.0 -0.6087614290087128
  outer loop
    vertex 70.83663802464638 78.87497555054448 35.20371699999999
    vertex 71.15447526984215 75.87497555054449 35.61793056237309
    vertex 70.83663802464638 75.87497555054449 35.20371699999999
  endloop
endfacet
facet normal 0.7933533402912413 0.0 -0.6087614290087128
  outer loop
    vertex 71.15447526984215 75.87497555054449 35.61793056237309
    vertex 70.83663802464638 78.87497555054448 35.20371699999999
    vertex 71.15447526984215 78.87497555054448 35.61793056237309
  endloop
endfacet
facet normal 0.13052619222005263 0.9914448613738104 0.0
  outer loop
    vertex 49.18046026456147 4.92608681111088 15.999999999999998
    vertex 49.568688832215244 4.874975550544483 0.0
    vertex 49.18046026456147 4.92608681111088 0.0
  endloop
endfacet
facet normal 0.13052619222005263 0.9914448613738104 0.0
  outer loop
    vertex 49.568688832215244 4.874975550544483 0.0
    vertex 49.18046026456147 4.92608681111088 15.999999999999998
    vertex 49.568688832215244 4.874975550544483 15.999999999999998
  endloop
endfacet
facet normal -0.3826834323650951 -0.0 -0.9238795325112845
  outer loop
    vertex 73.56868883221526 78.87497555054448 35.935767807568865
    vertex 73.0863269224203 75.87497555054449 36.13556865257813
    vertex 73.0863269224203 78.87497555054448 36.13556865257813
  endloop
endfacet
facet normal -0.3826834323650951 -0.0 -0.9238795325112845
  outer loop
    vertex 73.0863269224203 75.87497555054449 36.13556865257813
    vertex 73.56868883221526 78.87497555054448 35.935767807568865
    vertex 73.56868883221526 75.87497555054449 35.935767807568865
  endloop
endfacet
facet normal 0.6087614290087128 0.0 0.7933533402912413
  outer loop
    vertex 107.56868883221523 75.87497555054449 32.47166619243111
    vertex 107.15447526984214 78.87497555054448 32.78950343762689
    vertex 107.15447526984214 75.87497555054449 32.78950343762689
  endloop
endfacet
facet normal 0.6087614290087128 0.0 0.7933533402912413
  outer loop
    vertex 107.15447526984214 78.87497555054448 32.78950343762689
    vertex 107.56868883221523 75.87497555054449 32.47166619243111
    vertex 107.56868883221523 78.87497555054448 32.47166619243111
  endloop
endfacet
facet normal 0.3826834323650951 0.0 0.9238795325112845
  outer loop
    vertex 108.05105074201019 75.87497555054449 32.27186534742185
    vertex 107.56868883221523 78.87497555054448 32.47166619243111
    vertex 107.56868883221523 75.87497555054449 32.47166619243111
  endloop
endfacet
facet normal 0.3826834323650951 0.0 0.9238795325112845
  outer loop
    vertex 107.56868883221523 78.87497555054448 32.47166619243111
    vertex 108.05105074201019 75.87497555054449 32.27186534742185
    vertex 108.05105074201019 78.87497555054448 32.27186534742185
  endloop
endfacet
facet normal 0.9914448613738135 0.0 0.13052619222002954
  outer loop
    vertex 106.63683717963708 78.87497555054448 33.686078909794944
    vertex 106.56868883221524 75.87497555054449 34.20371699999999
    vertex 106.63683717963708 75.87497555054449 33.686078909794944
  endloop
endfacet
facet normal 0.9914448613738135 0.0 0.13052619222002954
  outer loop
    vertex 106.56868883221524 75.87497555054449 34.20371699999999
    vertex 106.63683717963708 78.87497555054448 33.686078909794944
    vertex 106.56868883221524 78.87497555054448 34.20371699999999
  endloop
endfacet
facet normal 0.92387953251129 0.0 0.38268343236508207
  outer loop
    vertex 106.83663802464635 78.87497555054448 33.20371699999998
    vertex 106.63683717963708 75.87497555054449 33.686078909794944
    vertex 106.83663802464635 75.87497555054449 33.20371699999998
  endloop
endfacet
facet normal 0.92387953251129 0.0 0.38268343236508207
  outer loop
    vertex 106.63683717963708 75.87497555054449 33.686078909794944
    vertex 106.83663802464635 78.87497555054448 33.20371699999998
    vertex 106.63683717963708 78.87497555054448 33.686078909794944
  endloop
endfacet
facet normal 0.7933533402912268 0.0 0.6087614290087315
  outer loop
    vertex 107.15447526984214 78.87497555054448 32.78950343762689
    vertex 106.83663802464635 75.87497555054449 33.20371699999998
    vertex 107.15447526984214 75.87497555054449 32.78950343762689
  endloop
endfacet
facet normal 0.7933533402912268 0.0 0.6087614290087315
  outer loop
    vertex 106.83663802464635 75.87497555054449 33.20371699999998
    vertex 107.15447526984214 78.87497555054448 32.78950343762689
    vertex 106.83663802464635 78.87497555054448 33.20371699999998
  endloop
endfacet
facet normal 0.13052619222005077 0.0 -0.9914448613738106
  outer loop
    vertex 108.56868883221523 78.87497555054448 36.20371699999999
    vertex 108.05105074201019 75.87497555054449 36.13556865257813
    vertex 108.05105074201019 78.87497555054448 36.13556865257813
  endloop
endfacet
facet normal 0.13052619222005077 0.0 -0.9914448613738106
  outer loop
    vertex 108.05105074201019 75.87497555054449 36.13556865257813
    vertex 108.56868883221523 78.87497555054448 36.20371699999999
    vertex 108.56868883221523 75.87497555054449 36.20371699999999
  endloop
endfacet
facet normal -0.3826834323650951 -0.0 -0.9238795325112845
  outer loop
    vertex 109.56868883221523 78.87497555054448 35.935767807568865
    vertex 109.08632692242028 75.87497555054449 36.13556865257813
    vertex 109.08632692242028 78.87497555054448 36.13556865257813
  endloop
endfacet
facet normal -0.3826834323650951 -0.0 -0.9238795325112845
  outer loop
    vertex 109.08632692242028 75.87497555054449 36.13556865257813
    vertex 109.56868883221523 78.87497555054448 35.935767807568865
    vertex 109.56868883221523 75.87497555054449 35.935767807568865
  endloop
endfacet
facet normal -0.6087614290087128 0.0 0.7933533402912413
  outer loop
    vertex 109.98290239458834 75.87497555054449 32.78950343762689
    vertex 109.56868883221523 78.87497555054448 32.47166619243111
    vertex 109.56868883221523 75.87497555054449 32.47166619243111
  endloop
endfacet
facet normal -0.6087614290087128 0.0 0.7933533402912413
  outer loop
    vertex 109.56868883221523 78.87497555054448 32.47166619243111
    vertex 109.98290239458834 75.87497555054449 32.78950343762689
    vertex 109.98290239458834 78.87497555054448 32.78950343762689
  endloop
endfacet
facet normal -0.92387953251129 0.0 0.38268343236508207
  outer loop
    vertex 110.50054048479338 78.87497555054448 33.68607890979495
    vertex 110.30073963978413 75.87497555054449 33.20371699999999
    vertex 110.50054048479338 75.87497555054449 33.68607890979495
  endloop
endfacet
facet normal -0.92387953251129 0.0 0.38268343236508207
  outer loop
    vertex 110.30073963978413 75.87497555054449 33.20371699999999
    vertex 110.50054048479338 78.87497555054448 33.68607890979495
    vertex 110.30073963978413 78.87497555054448 33.20371699999999
  endloop
endfacet
facet normal -0.6087614290087128 -0.0 -0.7933533402912413
  outer loop
    vertex 109.98290239458834 78.87497555054448 35.61793056237309
    vertex 109.56868883221523 75.87497555054449 35.935767807568865
    vertex 109.56868883221523 78.87497555054448 35.935767807568865
  endloop
endfacet
facet normal -0.6087614290087128 -0.0 -0.7933533402912413
  outer loop
    vertex 109.56868883221523 75.87497555054449 35.935767807568865
    vertex 109.98290239458834 78.87497555054448 35.61793056237309
    vertex 109.98290239458834 75.87497555054449 35.61793056237309
  endloop
endfacet
facet normal 0.6087614290087128 0.0 -0.7933533402912413
  outer loop
    vertex 107.56868883221523 78.87497555054448 35.935767807568865
    vertex 107.15447526984214 75.87497555054449 35.61793056237309
    vertex 107.15447526984214 78.87497555054448 35.61793056237309
  endloop
endfacet
facet normal 0.6087614290087128 0.0 -0.7933533402912413
  outer loop
    vertex 107.15447526984214 75.87497555054449 35.61793056237309
    vertex 107.56868883221523 78.87497555054448 35.935767807568865
    vertex 107.56868883221523 75.87497555054449 35.935767807568865
  endloop
endfacet
facet normal -0.13052619222005077 0.0 0.9914448613738106
  outer loop
    vertex 109.08632692242028 75.87497555054449 32.27186534742185
    vertex 108.56868883221523 78.87497555054448 32.20371699999999
    vertex 108.56868883221523 75.87497555054449 32.20371699999999
  endloop
endfacet
facet normal -0.13052619222005077 0.0 0.9914448613738106
  outer loop
    vertex 108.56868883221523 78.87497555054448 32.20371699999999
    vertex 109.08632692242028 75.87497555054449 32.27186534742185
    vertex 109.08632692242028 78.87497555054448 32.27186534742185
  endloop
endfacet
facet normal 0.793353340291231 0.0 -0.6087614290087263
  outer loop
    vertex 106.83663802464635 78.87497555054448 35.20371699999999
    vertex 107.15447526984214 75.87497555054449 35.61793056237309
    vertex 106.83663802464635 75.87497555054449 35.20371699999999
  endloop
endfacet
facet normal 0.793353340291231 0.0 -0.6087614290087263
  outer loop
    vertex 107.15447526984214 75.87497555054449 35.61793056237309
    vertex 106.83663802464635 78.87497555054448 35.20371699999999
    vertex 107.15447526984214 78.87497555054448 35.61793056237309
  endloop
endfacet
facet normal 0.3826834323650951 0.0 -0.9238795325112845
  outer loop
    vertex 108.05105074201019 78.87497555054448 36.13556865257813
    vertex 107.56868883221523 75.87497555054449 35.935767807568865
    vertex 107.56868883221523 78.87497555054448 35.935767807568865
  endloop
endfacet
facet normal 0.3826834323650951 0.0 -0.9238795325112845
  outer loop
    vertex 107.56868883221523 75.87497555054449 35.935767807568865
    vertex 108.05105074201019 78.87497555054448 36.13556865257813
    vertex 108.05105074201019 75.87497555054449 36.13556865257813
  endloop
endfacet
facet normal -0.9914448613738132 0.0 0.13052619222003092
  outer loop
    vertex 110.56868883221523 78.87497555054448 34.20371699999999
    vertex 110.50054048479338 75.87497555054449 33.68607890979495
    vertex 110.56868883221523 75.87497555054449 34.20371699999999
  endloop
endfacet
facet normal -0.9914448613738132 0.0 0.13052619222003092
  outer loop
    vertex 110.50054048479338 75.87497555054449 33.68607890979495
    vertex 110.56868883221523 78.87497555054448 34.20371699999999
    vertex 110.50054048479338 78.87497555054448 33.68607890979495
  endloop
endfacet
facet normal -0.3826834323650951 0.0 0.9238795325112845
  outer loop
    vertex 109.56868883221523 75.87497555054449 32.47166619243111
    vertex 109.08632692242028 78.87497555054448 32.27186534742185
    vertex 109.08632692242028 75.87497555054449 32.27186534742185
  endloop
endfacet
facet normal -0.3826834323650951 0.0 0.9238795325112845
  outer loop
    vertex 109.08632692242028 78.87497555054448 32.27186534742185
    vertex 109.56868883221523 75.87497555054449 32.47166619243111
    vertex 109.56868883221523 78.87497555054448 32.47166619243111
  endloop
endfacet
facet normal -0.9238795325112916 -0.0 -0.38268343236507835
  outer loop
    vertex 110.30073963978413 78.87497555054448 35.20371699999999
    vertex 110.50054048479338 75.87497555054449 34.72135509020503
    vertex 110.30073963978413 75.87497555054449 35.20371699999999
  endloop
endfacet
facet normal -0.9238795325112916 -0.0 -0.38268343236507835
  outer loop
    vertex 110.50054048479338 75.87497555054449 34.72135509020503
    vertex 110.30073963978413 78.87497555054448 35.20371699999999
    vertex 110.50054048479338 78.87497555054448 34.72135509020503
  endloop
endfacet
facet normal 0.92387953251129 0.0 -0.38268343236508207
  outer loop
    vertex 106.63683717963708 78.87497555054448 34.72135509020503
    vertex 106.83663802464635 75.87497555054449 35.20371699999999
    vertex 106.63683717963708 75.87497555054449 34.72135509020503
  endloop
endfacet
facet normal 0.92387953251129 0.0 -0.38268343236508207
  outer loop
    vertex 106.83663802464635 75.87497555054449 35.20371699999999
    vertex 106.63683717963708 78.87497555054448 34.72135509020503
    vertex 106.83663802464635 78.87497555054448 35.20371699999999
  endloop
endfacet
facet normal -0.13052619222005077 -0.0 -0.9914448613738106
  outer loop
    vertex 109.08632692242028 78.87497555054448 36.13556865257813
    vertex 108.56868883221523 75.87497555054449 36.20371699999999
    vertex 108.56868883221523 78.87497555054448 36.20371699999999
  endloop
endfacet
facet normal -0.13052619222005077 -0.0 -0.9914448613738106
  outer loop
    vertex 108.56868883221523 75.87497555054449 36.20371699999999
    vertex 109.08632692242028 78.87497555054448 36.13556865257813
    vertex 109.08632692242028 75.87497555054449 36.13556865257813
  endloop
endfacet
facet normal 0.13052619222005077 0.0 0.9914448613738106
  outer loop
    vertex 108.56868883221523 75.87497555054449 32.20371699999999
    vertex 108.05105074201019 78.87497555054448 32.27186534742185
    vertex 108.05105074201019 75.87497555054449 32.27186534742185
  endloop
endfacet
facet normal 0.13052619222005077 0.0 0.9914448613738106
  outer loop
    vertex 108.05105074201019 78.87497555054448 32.27186534742185
    vertex 108.56868883221523 75.87497555054449 32.20371699999999
    vertex 108.56868883221523 78.87497555054448 32.20371699999999
  endloop
endfacet
facet normal -0.793353340291231 0.0 0.6087614290087263
  outer loop
    vertex 110.30073963978413 78.87497555054448 33.20371699999999
    vertex 109.98290239458834 75.87497555054449 32.78950343762689
    vertex 110.30073963978413 75.87497555054449 33.20371699999999
  endloop
endfacet
facet normal -0.793353340291231 0.0 0.6087614290087263
  outer loop
    vertex 109.98290239458834 75.87497555054449 32.78950343762689
    vertex 110.30073963978413 78.87497555054448 33.20371699999999
    vertex 109.98290239458834 78.87497555054448 32.78950343762689
  endloop
endfacet
facet normal -0.9914448613738132 -0.0 -0.13052619222003092
  outer loop
    vertex 110.50054048479338 78.87497555054448 34.72135509020503
    vertex 110.56868883221523 75.87497555054449 34.20371699999999
    vertex 110.50054048479338 75.87497555054449 34.72135509020503
  endloop
endfacet
facet normal -0.9914448613738132 -0.0 -0.13052619222003092
  outer loop
    vertex 110.56868883221523 75.87497555054449 34.20371699999999
    vertex 110.50054048479338 78.87497555054448 34.72135509020503
    vertex 110.56868883221523 78.87497555054448 34.20371699999999
  endloop
endfacet
facet normal -0.7933533402912268 -0.0 -0.6087614290087315
  outer loop
    vertex 109.98290239458834 78.87497555054448 35.61793056237309
    vertex 110.30073963978413 75.87497555054449 35.20371699999999
    vertex 109.98290239458834 75.87497555054449 35.61793056237309
  endloop
endfacet
facet normal -0.7933533402912268 -0.0 -0.6087614290087315
  outer loop
    vertex 110.30073963978413 75.87497555054449 35.20371699999999
    vertex 109.98290239458834 78.87497555054448 35.61793056237309
    vertex 110.30073963978413 78.87497555054448 35.20371699999999
  endloop
endfacet
endsolid TOP
